date,actual,arima,lstm
2016-01-01,57.111006493506494,56.89616686717835,57.111006493506494
2016-01-02,57.09967532467533,56.88161838300569,57.09967532467533
2016-01-03,57.08834415584416,56.867069899671954,57.08834415584416
2016-01-04,57.07701298701299,56.852521416984594,57.07701298701299
2016-01-05,56.70779220779221,56.37846637044487,56.70779220779221
2016-01-06,57.657792207792205,57.59820500009605,57.657792207792205
2016-01-07,56.31402597402598,55.87289737374712,56.31402597402598
2016-01-08,55.66883116883117,55.04451284782358,55.66883116883117
2016-01-09,55.9338961038961,55.38483726340179,55.9338961038961
2016-01-10,56.19896103896103,55.72516198994185,56.19896103896103
2016-01-11,56.464025974025965,56.06548705334869,56.084293365478516
2016-01-12,56.55441558441558,56.18154114931182,56.03116989135742
2016-01-13,56.40233766233766,55.98628349199977,55.995662689208984
2016-01-14,58.07896103896104,58.13896013846419,56.01539611816406
2016-01-15,57.856103896103896,57.85282501641003,56.449039459228516
2016-01-16,57.83152597402598,57.821268463924326,56.84836196899414
2016-01-17,57.806948051948055,57.78971191452317,57.200889587402344
2016-01-18,57.78237012987013,57.75815536876162,57.449424743652344
2016-01-19,57.75779220779221,57.726598825844505,57.60481643676758
2016-01-20,57.67220779220779,57.61671371712524,57.66090393066406
2016-01-21,58.029350649350654,58.07526336932561,57.63777160644531
2016-01-22,58.30545454545455,58.42976439932878,57.680076599121094
2016-01-23,58.4665367965368,58.63658463841151,57.777645111083984
2016-01-24,58.627619047619056,58.84340500738795,57.91037368774414
2016-01-25,58.788701298701305,59.05022550132928,58.09760284423828
2016-01-26,58.51766233766234,58.70222688601418,58.30574417114258
2016-01-27,58.5338961038961,58.7230701088069,58.419742584228516
2016-01-28,59.548701298701296,60.02602405297097,58.45616912841797
2016-01-29,59.82350649350649,60.37885949945874,58.690521240234375
2016-01-30,59.96978354978355,60.5666721249987,58.96788787841797
2016-01-31,60.1160606060606,60.7544849806333,59.25507736206055
2016-02-01,60.26233766233766,60.94229794287084,59.58234786987305
2016-02-02,60.54129870129871,61.30047126120407,59.8544921875
2016-02-03,60.746233766233765,61.56359879063889,60.04689025878906
2016-02-04,61.08298701298702,61.9959753327442,60.247581481933594
2016-02-05,61.14597402597402,62.07684795941563,60.49400329589844
2016-02-06,61.04138528138528,61.942560496752165,60.71508026123047
2016-02-07,60.936796536796535,61.80827306654609,60.843387603759766
2016-02-08,60.83220779220779,61.673985670442654,60.872406005859375
2016-02-09,62.4596103896104,63.763502252806,60.82647705078125
2016-02-10,63.5,65.0993186526725,61.176231384277344
2016-02-11,63.4974025974026,65.0959837004882,61.82022476196289
2016-02-12,63.70285714285714,65.3597783497261,62.45637512207031
2016-02-13,63.2302922077922,64.7530254402695,62.865989685058594
2016-02-14,62.75772727272727,64.14627195513121,62.93754196166992
2016-02-15,62.285162337662335,63.539518167099416,62.82196807861328
2016-02-16,61.8125974025974,62.93276434453426,62.590736389160156
2016-02-17,60.37194805194805,61.08303266979205,62.28093338012695
2016-02-18,61.20285714285714,62.149883453974006,61.650611877441406
2016-02-19,62.15207792207792,63.36864327676737,61.28738021850586
2016-02-20,61.93082251082251,63.08456048051927,61.279361724853516
2016-02-21,61.7095670995671,62.80047772004397,61.351654052734375
2016-02-22,61.48831168831169,62.51639502127022,61.493202209472656
2016-02-23,61.15571428571428,62.08935403583477,61.625431060791016
2016-02-24,61.18077922077922,62.12153634290387,61.40924072265625
2016-02-25,60.40402597402597,61.12421926439477,61.24210739135742
2016-02-26,59.62805194805195,60.12790609375372,60.936973571777344
2016-02-27,59.52995670995671,60.00195699428484,60.47643280029297
2016-02-28,59.431861471861474,59.87600793148207,60.064510345458984
2016-02-29,59.33376623376624,59.75005890636004,59.67072677612305
2016-03-01,60.772987012987016,61.59794878334783,59.39528274536133
2016-03-02,61.24454545454545,62.20340947203701,59.56707000732422
2016-03-03,61.88935064935065,63.03131232864664,60.002079010009766
2016-03-04,62.16532467532467,63.38565156064912,60.591331481933594
2016-03-05,62.3017316017316,63.5607924179281,61.22978973388672
2016-03-06,62.43813852813852,63.73593327107146,61.626529693603516
2016-03-07,62.57454545454545,63.91107411469594,61.83449172973633
2016-03-08,62.88272727272727,64.30676673419832,62.026275634765625
2016-03-09,63.088961038961045,64.57156221615962,62.26287841796875
2016-03-10,63.28506493506493,64.82335128455581,62.51301193237305
2016-03-11,63.75116883116883,65.42180842187958,62.76242446899414
2016-03-12,63.82809523809524,65.52057850815707,63.04543685913086
2016-03-13,63.90502164502164,65.61934856999137,63.289493560791016
2016-03-14,63.981948051948045,65.71811860599553,63.458126068115234
2016-03-15,63.99012987012987,65.72862368997828,63.571651458740234
2016-03-16,63.09818181818182,64.58340130707916,63.66246032714844
2016-03-17,63.31831168831169,64.86603869300103,63.490074157714844
2016-03-18,63.43844155844156,65.02028027860538,63.342472076416016
2016-03-19,63.1522077922078,64.65276836946087,63.241207122802734
2016-03-20,62.865974025974026,64.28525626657247,63.18428421020508
2016-03-21,62.57974025974026,63.91774402941811,63.0810661315918
2016-03-22,62.62129870129871,63.97110334329471,62.85426330566406
2016-03-23,61.64350649350649,62.7156586554214,62.671512603759766
2016-03-24,60.34272727272728,61.04551452003247,62.31004333496094
2016-03-25,59.95233766233766,60.544272434002416,61.6721305847168
2016-03-26,59.56194805194805,60.04303218237478,60.968780517578125
2016-03-27,59.17155844155844,59.54179288519925,60.25824737548828
2016-03-28,58.78116883116883,59.04055423646672,59.68034362792969
2016-03-29,59.18727272727273,59.5619691723273,59.18408966064453
2016-03-30,60.00207792207792,60.60813656882836,58.9911994934082
2016-03-31,60.66051948051948,61.45354543155849,59.09096908569336
2016-04-01,59.73506493506494,60.2653051516668,59.433807373046875
2016-04-02,59.7069696969697,60.229232336672695,59.60857391357422
2016-04-03,59.67887445887445,60.19315952470736,59.77075958251953
2016-04-04,59.650779220779214,60.15708671518321,59.75201416015625
2016-04-05,60.11896103896104,60.75820900056156,59.58538055419922
2016-04-06,61.048701298701296,61.951953948334655,59.660499572753906
2016-04-07,61.536623376623375,62.57842520313877,59.98920822143555
2016-04-08,61.39766233766234,62.40000506903933,60.43113327026367
2016-04-09,61.73463203463204,62.8326600530636,60.82170486450195
2016-04-10,62.07160173160173,63.26531517432207,61.187381744384766
2016-04-11,62.40857142857143,63.69797033835408,61.399662017822266
2016-04-12,62.78000000000001,64.17486920836205,61.69000244140625
2016-04-13,62.41116883116883,63.701305296510405,62.02315139770508
2016-04-14,60.41948051948052,61.14406220031875,62.18345642089844
2016-04-15,60.571038961038965,61.33865642493442,61.731483459472656
2016-04-16,60.31125541125542,61.00510608818942,61.23548126220703
2016-04-17,60.05147186147186,60.67155605890917,60.72869873046875
2016-04-18,59.79168831168831,60.33800661078946,60.27227020263672
2016-04-19,59.10077922077922,59.4509162339042,59.9962158203125
2016-04-20,58.25181818181819,58.36089845782442,59.68414306640625
2016-04-21,57.34155844155844,57.1921807276999,59.164283752441406
2016-04-22,57.69376623376623,57.64439342225856,58.512786865234375
2016-04-23,57.78415584415585,57.76044811626582,58.052555084228516
2016-04-24,57.874545454545455,57.87650285426378,57.723365783691406
2016-04-25,57.96493506493507,57.992557636136304,57.5489616394043
2016-04-26,57.1661038961039,56.96690835909223,57.49944305419922
2016-04-27,56.20584415584416,55.73399943213387,57.370540618896484
2016-04-28,56.46012987012988,56.06048472265765,57.098533630371094
2016-04-29,54.59155844155844,53.66137406078235,56.85427474975586
2016-04-30,54.89787878787879,54.0546665474028,56.2090950012207
2016-05-01,55.204199134199136,54.44795919394563,55.65766906738281
2016-05-02,55.51051948051949,54.84125209896307,55.259803771972656
2016-05-03,55.9061038961039,55.34915404275247,55.0885009765625
2016-05-04,55.922077922077925,55.36966355678718,55.08586502075195
2016-05-05,56.05987012987013,55.54657900861168,55.181175231933594
2016-05-06,55.59961038961039,54.955638366132334,55.324222564697266
2016-05-07,55.29450216450216,54.56390164469859,55.414093017578125
2016-05-08,54.989393939393935,54.17216520523811,55.43207550048828
2016-05-09,54.68428571428571,53.78042895592849,55.3535041809082
2016-05-10,55.4025974025974,54.70268801461012,55.12910842895508
2016-05-11,56.02428571428571,55.50089112697591,55.046875
2016-05-12,55.83207792207792,55.25410996624269,55.13005828857422
2016-05-13,54.02,52.92753559367532,55.193458557128906
2016-05-14,54.09238095238095,53.020467376824506,54.91933059692383
2016-05-15,54.1647619047619,53.1133991464367,54.668094635009766
2016-05-16,54.23714285714286,53.20633090371923,54.47703552246094
2016-05-17,53.49233766233766,52.25005546683303,54.31676483154297
2016-05-18,52.536103896103896,51.022312321433496,54.03017807006836
2016-05-19,52.03506493506493,50.379000099262406,53.52234649658203
2016-05-20,52.75272727272727,51.30044451678667,53.00405502319336
2016-05-21,52.44164502164502,50.901032013773,52.74547576904297
2016-05-22,52.13056277056277,50.50161605065755,52.55952835083008
2016-05-23,51.81948051948052,50.10219505665906,52.377323150634766
2016-05-24,52.20727272727273,50.60010866656906,52.12407302856445
2016-05-25,52.64649350649351,51.164046516030126,52.001930236816406
2016-05-26,52.63415584415584,51.14820565235205,52.01277542114258
2016-05-27,52.434675324675325,50.89208327102505,52.0764274597168
2016-05-28,52.26340909090909,50.67218540862959,52.103782653808594
2016-05-29,52.09214285714286,50.4522862579966,52.08620834350586
2016-05-30,51.92087662337662,50.23238552356132,52.03750991821289
2016-05-31,51.74961038961039,50.01248283551606,51.95903015136719
2016-06-01,51.82896103896104,50.114367875852096,51.85740280151367
2016-06-02,51.63857142857143,49.86990961333074,51.77818298339844
2016-06-03,50.76415584415584,48.74608797471936,51.67143249511719
2016-06-04,50.75683982683983,48.73668700172192,51.41600799560547
2016-06-05,50.74952380952381,48.72728598248604,51.18981170654297
2016-06-06,50.74220779220779,48.717884843838405,51.00346755981445
2016-06-07,51.22662337662337,49.339951233491774,50.85540008544922
2016-06-08,50.93974025974026,48.97155000010258,50.830928802490234
2016-06-09,50.6425974025974,48.5898788807437,50.779991149902344
2016-06-10,51.75012987012988,50.01314984551627,50.69215774536133
2016-06-11,51.71917748917749,49.97340732056669,50.82345199584961
2016-06-12,51.68822510822511,49.93366471160911,50.9556999206543
2016-06-13,51.657272727272726,49.89392202021632,51.07679748535156
2016-06-14,52.18636363636364,50.57326223193667,51.17572021484375
2016-06-15,52.42363636363636,50.87790979278844,51.351497650146484
2016-06-16,52.32948051948052,50.75701818228608,51.54763412475586
2016-06-17,52.12376623376623,50.49288954837966,51.69391632080078
2016-06-18,51.93774891774892,50.25404912399441,51.772701263427734
2016-06-19,51.7517316017316,50.01520644987985,51.79207229614258
2016-06-20,51.565714285714286,49.77636094939079,51.75190353393555
2016-06-21,51.62428571428572,49.85156677810319,51.66627502441406
2016-06-22,52.74285714285714,51.28777185403706,51.59481430053711
2016-06-23,52.611038961038965,51.11852486680044,51.73733901977539
2016-06-24,52.71363636363636,51.250254088159096,51.85313415527344
2016-06-25,52.76584415584416,51.31728581552901,51.9785041809082
2016-06-26,52.818051948051945,51.38431747753204,52.10407257080078
2016-06-27,52.87025974025974,51.45134907899652,52.225502014160156
2016-06-28,53.33961038961039,52.05396434931218,52.3387336730957
2016-06-29,53.59324675324676,52.37961555136427,52.520469665527344
2016-06-30,53.5112987012987,52.274400096349424,52.7259407043457
2016-07-01,53.78727272727273,52.628730871367615,52.87548828125
2016-07-02,53.71003246753247,52.52955999255136,53.04719543457031
2016-07-03,53.63279220779221,52.43038907559093,53.17214584350586
2016-07-04,53.55555194805194,52.3312181161416,53.25651931762695
2016-07-05,53.478311688311685,52.23204710842453,53.30160903930664
2016-07-06,52.90090909090909,51.49070093762663,53.30843734741211
2016-07-07,53.343116883116885,52.05846644405023,53.18437194824219
2016-07-08,53.32558441558441,52.03595596854726,53.14045715332031
2016-07-09,53.71354978354978,52.53407597130894,53.0933952331543
2016-07-10,54.10151515151514,53.0321950112875,53.141632080078125
2016-07-11,54.48948051948052,53.53031363418615,53.26262283325195
2016-07-12,54.26441558441558,53.24134705373485,53.469722747802734
2016-07-13,54.55948051948052,53.620188405287614,53.619781494140625
2016-07-14,54.50948051948051,53.55599214012511,53.81196975708008
2016-07-15,53.80753246753247,52.65474289921716,53.967716217041016
2016-07-16,53.825670995671,52.67803144483741,53.9580078125
2016-07-17,53.84380952380952,52.70131998752661,53.9084587097168
2016-07-18,53.86194805194805,52.72460852951866,53.846351623535156
2016-07-19,53.303636363636365,52.00777618491271,53.772621154785156
2016-07-20,53.36272727272728,52.08364482285307,53.578304290771484
2016-07-21,53.55779220779221,52.33409444946812,53.42415237426758
2016-07-22,53.56311688311688,52.3409309534011,53.339927673339844
2016-07-23,53.96264069264069,52.85389047745071,53.28184127807617
2016-07-24,54.3621645021645,53.36684937462653,53.338932037353516
2016-07-25,54.76168831168831,53.8798081173907,53.502017974853516
2016-07-26,55.32545454545455,54.603642231402645,53.72039794921875
2016-07-27,55.1487012987013,54.37670406513466,54.043399810791016
2016-07-28,54.97688311688312,54.15610223710491,54.3018798828125
2016-07-29,55.74454545454545,55.1417245448625,54.50266647338867
2016-07-30,55.825194805194805,55.2452725356464,54.804080963134766
2016-07-31,55.90584415584416,55.34882055481268,55.068946838378906
2016-08-01,55.98649350649351,55.45236860202205,55.30223083496094
2016-08-02,55.85480519480519,55.28329016283298,55.478172302246094
2016-08-03,55.97948051948052,55.44336442253862,55.572166442871094
2016-08-04,55.70246753246754,55.08769951622241,55.653987884521484
2016-08-05,56.33857142857143,55.90441204110926,55.6581916809082
2016-08-06,56.4182683982684,56.00673746247432,55.780338287353516
2016-08-07,56.49796536796536,56.10906291558791,55.88505554199219
2016-08-08,56.57766233766233,56.21138840177081,55.986175537109375
2016-08-09,56.38792207792208,55.96777487305926,56.10475540161133
2016-08-10,55.52662337662338,54.8619283317484,56.174442291259766
2016-08-11,56.34584415584416,55.91374972082186,56.03238296508789
2016-08-12,55.76766233766234,55.17140496460999,56.06557083129883
2016-08-13,55.47653679653679,54.79762080464015,55.93140411376953
2016-08-14,55.18541125541125,54.4238369419252,55.740257263183594
2016-08-15,54.89428571428571,54.05005330837377,55.49506378173828
2016-08-16,54.78441558441558,53.90898824136415,55.22766876220703
2016-08-17,54.85155844155844,53.99519466901234,54.99702072143555
2016-08-18,55.14675324675325,54.37420291008564,54.85221481323242
2016-08-19,55.87025974025974,55.303132697474894,54.77091979980469
2016-08-20,56.02549783549784,55.50244740489549,54.909793853759766
2016-08-21,56.18073593073593,55.70176222264705,55.08750915527344
2016-08-22,56.335974025974025,55.90107715561063,55.325313568115234
2016-08-23,56.16558441558441,55.68230873577591,55.577720642089844
2016-08-24,56.16753246753246,55.68480989850276,55.77009582519531
2016-08-25,55.5690909090909,54.91645356281748,55.91575241088867
2016-08-26,55.54831168831169,54.88977454991576,55.875755310058594
2016-08-27,55.66792207792208,55.04334564075084,55.75629425048828
2016-08-28,55.78753246753247,55.19691678800231,55.64519500732422
2016-08-29,55.90714285714286,55.35048799470938,55.568077087402344
2016-08-30,56.27064935064935,55.81720479529697,55.538734436035156
2016-08-31,56.89441558441558,56.61807834451968,55.61589431762695
2016-09-01,56.93714285714285,56.67293734040996,55.846351623535156
2016-09-02,57.41974025974026,57.29256121596451,56.11859893798828
2016-09-03,57.56100649350649,57.47393817061191,56.464202880859375
2016-09-04,57.70227272727273,57.65531523422815,56.79961013793945
2016-09-05,57.84353896103896,57.83669240568644,57.095558166503906
2016-09-06,57.98480519480519,58.0180696846498,57.35518264770508
2016-09-07,57.88987012987013,57.89617880557304,57.555572509765625
2016-09-08,57.94584415584416,57.96804606190073,57.67642593383789
2016-09-09,58.17441558441559,58.2615180942782,57.741790771484375
2016-09-10,58.00471861471862,58.04363731695686,57.83269500732422
2016-09-11,57.83502164502164,57.82575669197141,57.86491012573242
2016-09-12,57.66532467532467,57.607876221671845,57.83154296875
2016-09-13,57.624025974025976,57.5548512530747,57.75312042236328
2016-09-14,57.35337662337663,57.20735452042567,57.67274856567383
2016-09-15,57.37194805194805,57.23119905289441,57.520503997802734
2016-09-16,57.40766233766234,57.27705392928941,57.38514709472656
2016-09-17,57.34389610389611,57.19518213723477,57.29278564453125
2016-09-18,57.28012987012987,57.11331036787402,57.21946716308594
2016-09-19,57.21636363636363,57.03143862040546,57.160945892333984
2016-09-20,56.5522077922078,56.17870649383715,57.11116409301758
2016-09-21,55.69766233766234,55.08152999194422,56.94042205810547
2016-09-22,54.90168831168832,54.05955769262368,56.57930374145508
2016-09-23,54.27558441558442,53.25568700085678,56.063133239746094
2016-09-24,54.1948051948052,53.15197249678685,55.466697692871094
2016-09-25,54.11402597402598,53.04825797927463,54.929161071777344
2016-09-26,54.03324675324676,52.944543444642754,54.48219680786133
2016-09-27,53.53038961038961,52.29891146733341,54.137325286865234
2016-09-28,53.42558441558442,52.16434900414562,53.8061637878418
2016-09-29,53.74545454545454,52.575039369970206,53.57478332519531
2016-09-30,53.89337662337663,52.76496050910003,53.47565460205078
2016-10-01,53.91567099567099,52.79358484466556,53.47471237182617
2016-10-02,53.93796536796537,52.82220917823295,53.50312805175781
2016-10-03,53.96025974025974,52.85083350981901,53.53455352783203
2016-10-04,54.05077922077922,52.96705383562605,53.56230926513672
2016-10-05,53.5938961038961,52.380449270799,53.61601638793945
2016-10-06,50.45090909090909,48.34350806508987,53.5756721496582
2016-10-07,48.96753246753247,46.4388539063901,52.920291900634766
2016-10-08,49.22805194805195,46.77344271223552,52.002628326416016
2016-10-09,49.48857142857143,47.10802337178959,51.224464416503906
2016-10-10,49.74909090909091,47.44259680921849,50.631568908691406
2016-10-11,51.34402597402597,49.49071269908461,50.22226333618164
2016-10-12,52.81493506493506,51.38031558806932,50.21424102783203
2016-10-13,52.46571428571429,50.93193573208145,50.55390548706055
2016-10-14,51.07103896103896,49.140157886509314,50.860355377197266
2016-10-15,51.13770562770563,49.22576786745725,50.928733825683594
2016-10-16,51.20437229437229,49.31137763693204,51.00123596191406
2016-10-17,51.27103896103896,49.39698717800382,51.06156921386719
2016-10-18,51.82103896103896,50.104196071054886,51.10810852050781
2016-10-19,52.86909090909091,51.449848372291015,51.22145080566406
2016-10-20,53.37701298701298,52.10198668607768,51.49925994873047
2016-10-21,54.0074025974026,52.91136145878684,51.83156967163086
2016-10-22,53.94545454545455,52.83182473052408,52.24547576904297
2016-10-23,53.883506493506495,52.7522879867994,52.613136291503906
2016-10-24,53.821558441558444,52.67275122530821,52.92526626586914
2016-10-25,54.41597402597402,53.43593678642927,53.17082595825195
2016-10-26,54.38506493506493,53.39625182097778,53.47236251831055
2016-10-27,54.61857142857143,53.69605671933599,53.707298278808594
2016-10-28,54.37623376623377,53.38491325976606,53.918766021728516
2016-10-29,54.472943722943725,53.50908162283429,54.02595901489258
2016-10-30,54.56965367965368,53.63324998276323,54.10612869262695
2016-10-31,54.66636363636364,53.75741834559062,54.16764831542969
2016-11-01,54.35376623376623,53.356066624837176,54.25103759765625
2016-11-02,54.55194805194805,53.61051727937412,54.251365661621094
2016-11-03,54.60558441558442,53.67938236417029,54.26954650878906
2016-11-04,54.63051948051948,53.71139712558831,54.2816276550293
2016-11-05,54.62670995670996,53.70650598142289,54.299354553222656
2016-11-06,54.62290043290043,53.70161483734682,54.32185363769531
2016-11-07,54.61909090909091,53.69672369300121,54.34158706665039
2016-11-08,54.7361038961039,53.84695963538817,54.34898376464844
2016-11-09,54.42363636363636,53.445774655618415,54.375736236572266
2016-11-10,54.3974025974026,53.41209245892556,54.34901809692383
2016-11-11,54.17688311688312,53.12896188123717,54.30923843383789
2016-11-12,55.424588744588746,54.73092329223908,54.21466064453125
2016-11-13,56.67229437229437,56.33288953751412,54.386146545410156
2016-11-14,57.92,57.93486373019889,54.823184967041016
2016-11-15,57.76896103896104,57.74093891907236,55.508487701416016
2016-11-16,58.77103896103896,59.02754805319296,56.125736236572266
2016-11-17,59.56116883116883,60.04203170414444,56.89109802246094
2016-11-18,59.28909090909091,59.69269819750424,57.77182388305664
2016-11-19,59.23744588744589,59.62638878456423,58.44499969482422
2016-11-20,59.185800865800864,59.560079382615264,58.8712043762207
2016-11-21,59.13415584415584,59.49376999172535,59.03276824951172
2016-11-22,59.3474025974026,59.76756726383361,59.055274963378906
2016-11-23,58.85181818181818,59.13126404077989,59.093990325927734
2016-11-24,58.95657575757576,59.26576693544005,59.011566162109375
2016-11-25,59.06133333333334,59.40026987983765,58.94343185424805
2016-11-26,59.097512265512265,59.44672164232265,58.90822982788086
2016-11-27,59.1336911976912,59.49317341126113,58.89313507080078
2016-11-28,59.16987012987013,59.539625185357,58.88679504394531
2016-11-29,59.254285714285714,59.64801021023324,58.9499626159668
2016-11-30,59.07090909090909,59.41256462582215,59.00925827026367
2016-12-01,58.81077922077922,59.078572313573545,59.00575256347656
2016-12-02,58.82142857142857,59.09224548259436,58.93172073364258
2016-12-03,58.86978354978355,59.1543305697734,58.855194091796875
2016-12-04,58.91813852813853,59.21641566710578,58.786014556884766
2016-12-05,58.96649350649351,59.27850077555277,58.7358283996582
2016-12-06,59.17337662337663,59.5441273320111,58.73347091674805
2016-12-07,59.06792207792207,59.40872946570543,58.81627655029297
2016-12-08,59.11909090909091,59.47442743882384,58.8679084777832
2016-12-09,59.14168831168831,59.50344126889999,58.917503356933594
2016-12-10,59.24792207792208,59.63983964558652,58.96112823486328
2016-12-11,59.35415584415584,59.77623806976244,59.01154327392578
2016-12-12,59.460389610389605,59.91263653804171,59.0627326965332
2016-12-13,59.52428571428571,59.994675736796665,59.147586822509766
2016-12-14,59.50376623376624,59.968329814184905,59.23513412475586
2016-12-15,59.45402597402597,59.90446596889462,59.30324935913086
2016-12-16,59.62298701298702,60.121402984299856,59.335018157958984
2016-12-17,59.48125541125541,59.93942711559497,59.38579177856445
2016-12-18,59.33952380952381,59.75745132362475,59.38579177856445
2016-12-19,59.197792207792205,59.57547561318975,59.34199142456055
2016-12-20,59.27844155844155,59.679025007345146,59.26683044433594
2016-12-21,59.247012987012994,59.638672421940605,59.21247100830078
2016-12-22,58.74597402597402,58.99536608942343,59.14527893066406
2016-12-23,58.452077922077926,58.618020279722856,58.989688873291016
2016-12-24,58.36737012987013,58.50926039189893,58.78989791870117
2016-12-25,58.28266233766234,58.40050054134616,58.5941162109375
2016-12-26,58.19795454545455,58.29174072681142,58.38969421386719
2016-12-27,58.11324675324676,58.18298094969452,58.20567321777344
2016-12-28,58.30090909090909,58.42392830217469,58.08794403076172
2016-12-29,58.496623376623376,58.675214071250565,58.05928421020508
2016-12-30,58.09090909090909,58.15430072333143,58.10298156738281
2016-12-31,58.07269480519481,58.13091466865886,58.07275390625
2017-01-01,58.05448051948052,58.10752861612559,58.046424865722656
2017-01-02,58.03626623376624,58.084142565079055,58.017555236816406
2017-01-03,58.01805194805196,58.06075651531898,57.97224807739258
2017-01-04,57.98636363636364,58.02007062950925,57.903194427490234
2017-01-05,58.02961038961038,58.07559685995906,57.863189697265625
2017-01-06,58.80025974025974,59.06506589037478,57.85495376586914
2017-01-07,58.79034632034632,59.05233761647565,58.025936126708984
2017-01-08,58.7804329004329,59.0396093431049,58.20542526245117
2017-01-09,58.77051948051948,59.026881069669415,58.37416076660156
2017-01-10,58.26675324675325,58.38007420269563,58.516815185546875
2017-01-11,58.646623376623374,58.867805483711294,58.506385803222656
2017-01-12,59.03818181818181,59.3705446080064,58.489051818847656
2017-01-13,59.08415584415584,59.42957272978733,58.558048248291016
2017-01-14,59.13415584415584,59.49376999172535,58.646419525146484
2017-01-15,59.18415584415584,59.55796726399376,58.74641036987305
2017-01-16,59.23415584415584,59.62216454749473,58.88924789428711
2017-01-17,59.28415584415585,59.68636184124934,59.00733947753906
2017-01-18,58.76220779220779,59.01620932972155,59.05853271484375
2017-01-19,59.011428571428574,59.33619491427999,58.97694396972656
2017-01-20,60.01792207792208,60.62847971712631,58.938682556152344
2017-01-21,59.96683982683983,60.5628925239141,59.13303756713867
2017-01-22,59.91575757575757,60.49730534498342,59.32132339477539
2017-01-23,59.864675324675325,60.43171817976517,59.494869232177734
2017-01-24,60.163506493506496,60.81540328942063,59.6942138671875
2017-01-25,60.56987012987013,61.33715569764579,59.82579040527344
2017-01-26,59.97857142857144,60.57795534464724,59.98013687133789
2017-01-27,60.57636363636364,61.34549307006222,60.00017547607422
2017-01-28,60.211341991342,60.87682185172528,60.15532684326172
2017-01-29,59.84632034632035,60.40815130122137,60.17897415161133
2017-01-30,59.48129870129871,59.93948269750888,60.0355224609375
2017-01-31,60.0803896103896,60.70868509107429,59.869239807128906
2017-02-01,60.18077922077922,60.837580670241415,59.794822692871094
2017-02-02,60.67012987012988,61.4658847464926,59.795494079589844
2017-02-03,60.80922077922079,61.64447135152648,59.969688415527344
2017-02-04,60.61398268398269,61.39379425117355,60.21958541870117
2017-02-05,60.41874458874459,61.14311729897928,60.41048049926758
2017-02-06,60.22350649350649,60.89244051124,60.452239990234375
2017-02-07,59.79116883116883,60.33733962445268,60.358497619628906
2017-02-08,60.30623376623377,60.99865852539793,60.128326416015625
2017-02-09,60.41285714285714,61.13555808516817,60.066192626953125
2017-02-10,60.92909090909091,61.79837937473929,60.071712493896484
2017-02-11,61.14450216450216,62.074958151229765,60.24318313598633
2017-02-12,61.35991341991343,62.351537052048855,60.504798889160156
2017-02-13,61.57532467532468,62.62811604996253,60.806419372558594
2017-02-14,61.54805194805195,62.59309900952204,61.08100509643555
2017-02-15,61.57922077922078,62.63311848428087,61.22669982910156
2017-02-16,60.94116883116884,61.81388690308478,61.31966018676758
2017-02-17,60.53792207792208,61.2961358281249,61.20694351196289
2017-02-18,60.024448051948056,60.63685875955383,60.97983932495117
2017-02-19,59.51097402597403,59.97758423580869,60.61751174926758
2017-02-20,58.9975,59.31831139739664,60.14802169799805
2017-02-21,58.48402597402598,58.65903973293271,59.67604446411133
2017-02-22,58.00207792207792,58.040246826400384,59.17618179321289
2017-02-23,58.5474025974026,58.74041167119461,58.65662384033203
2017-02-24,59.300649350649344,59.707538612833424,58.38640594482422
2017-02-25,59.58567099567099,60.073491187612575,58.429237365722656
2017-02-26,59.87069264069264,60.43944412447826,58.639488220214844
2017-02-27,60.15571428571428,60.805398457345845,58.96090316772461
2017-02-28,62.11402597402597,63.31978614808395,59.380401611328125
2017-03-01,63.09363636363637,64.577565135253,60.221832275390625
2017-03-02,63.953506493506495,65.68160093106104,61.10173797607422
2017-03-03,64.27571428571429,66.09530093556941,61.950801849365234
2017-03-04,64.24588744588745,66.05700466578269,62.53407287597656
2017-03-05,64.21606060606061,66.01870839067071,62.971927642822266
2017-03-06,64.18623376623377,65.98041211145404,63.28968048095703
2017-03-07,64.27779220779222,66.09796889054137,63.54771423339844
2017-03-08,63.9448051948052,65.67042885641538,63.7534065246582
2017-03-09,63.93038961038962,65.6519198960969,63.821712493896484
2017-03-10,63.72571428571429,65.3891259121799,63.848915100097656
2017-03-11,63.84372294372295,65.54064378437793,63.774723052978516
2017-03-12,63.96173160173161,65.6921615985113,63.74199676513672
2017-03-13,64.07974025974026,65.8436793493701,63.7477912902832
2017-03-14,64.3738961038961,66.22136177276793,63.81932830810547
2017-03-15,63.79623376623377,65.47966979783449,63.96391296386719
2017-03-16,63.40701298701299,64.97992734886614,63.925838470458984
2017-03-17,63.65818181818182,65.30241720013319,63.710662841796875
2017-03-18,63.7339393939394,65.3996865868311,63.553524017333984
2017-03-19,63.80969696969697,65.4969559517528,63.521644592285156
2017-03-20,63.88545454545455,65.59422529268888,63.58457946777344
2017-03-21,63.93493506493506,65.65775605511097,63.6657829284668
2017-03-22,63.93077922077922,65.6524201381137,63.720947265625
2017-03-23,64.10025974025974,65.87002542252642,63.75660705566406
2017-03-24,64.46792207792207,66.34208664963154,63.8194694519043
2017-03-25,64.78103896103896,66.74411343614632,63.96124267578125
2017-03-26,65.09415584415584,67.14613954591606,64.18571472167969
2017-03-27,65.40727272727273,67.54816488208297,64.44554138183594
2017-03-28,65.79090909090908,68.04073225991111,64.7061538696289
2017-03-29,65.50311688311687,67.67122348365201,64.99762725830078
2017-03-30,65.7448051948052,67.98153754237906,65.11646270751953
2017-03-31,66.21467532467533,68.58482235855278,65.23883056640625
2017-04-01,66.29142857142857,68.68336864611186,65.46405029296875
2017-04-02,66.36818181818182,68.78191486177573,65.70454406738281
2017-04-03,66.44493506493507,68.8804610037698,65.89307403564453
2017-04-04,66.33025974025975,68.73322536980693,66.01963806152344
2017-04-05,66.10597402597402,68.44525668562984,66.07477569580078
2017-04-06,66.51116883116883,68.9655007620563,66.0330810546875
2017-04-07,66.52558441558442,68.98400940742971,66.09272003173828
2017-04-08,66.46904761904761,68.91141992977623,66.19811248779297
2017-04-09,66.41251082251082,68.83883040932362,66.27238464355469
2017-04-10,66.35597402597402,68.76624084879846,66.26455688476562
2017-04-11,66.2477922077922,68.62734233850034,66.2316665649414
2017-04-12,66.59389610389611,69.07171700715995,66.17949676513672
2017-04-13,66.56220779220779,69.03103135997199,66.23590850830078
2017-04-14,66.36847402597402,68.78229003709411,66.31122589111328
2017-04-15,66.17474025974025,68.53354824789115,66.3039321899414
2017-04-16,65.98100649350648,68.2848060198966,66.19873809814453
2017-04-17,65.78727272727272,68.03606338156493,66.05299377441406
2017-04-18,65.47571428571429,67.63604007055005,65.8991470336914
2017-04-19,65.26987012987013,67.37174739478895,65.70687866210938
2017-04-20,65.4087012987013,67.54999908914478,65.50183868408203
2017-04-21,65.70636363636365,67.93218080384736,65.39936065673828
2017-04-22,65.84870129870131,68.11493405778087,65.44498443603516
2017-04-23,65.99103896103897,68.29768710038157,65.56238555908203
2017-04-24,66.13337662337663,68.48043992088729,65.6636962890625
2017-04-25,66.71857142857142,69.23179155144098,65.75537872314453
2017-04-26,66.77987012987013,69.31049478982446,65.98372650146484
2017-04-27,67.12623376623377,69.75520040853159,66.18619537353516
2017-04-28,66.40415584415584,68.82810316423966,66.42173767089844
2017-04-29,66.41047619047619,68.83621807493306,66.36829376220703
2017-04-30,66.41679653679653,68.84433298540961,66.30585479736328
2017-05-01,66.42311688311688,68.85244789521232,66.24607849121094
2017-05-02,66.26623376623377,68.6510201263998,66.26881408691406
2017-05-03,66.20727272727272,68.57531789055983,66.23841094970703
2017-05-04,66.26545454545455,68.6500196563845,66.18138122558594
2017-05-05,66.57363636363637,69.04570487389996,66.15319061279297
2017-05-06,66.48415584415585,68.93081788740172,66.23197174072266
2017-05-07,66.39467532467532,68.81593079740796,66.2939224243164
2017-05-08,66.3051948051948,68.70104360691569,66.27291107177734
2017-05-09,65.58714285714285,67.77910812383884,66.21197509765625
2017-05-10,65.67454545454545,67.89132808628105,65.9703598022461
2017-05-11,65.8812987012987,68.1567871914984,65.75850677490234
2017-05-12,65.73116883116883,67.9640292412519,65.71150207519531
2017-05-13,65.44982683982684,67.60280202165306,65.71784210205078
2017-05-14,65.16848484848484,67.24157408688332,65.60636138916016
2017-05-15,64.88714285714285,66.88034550816451,65.40149688720703
2017-05-16,64.53935064935065,66.43379750227913,65.16230010986328
2017-05-17,64.42103896103896,66.28189096482706,64.89659118652344
2017-05-18,64.32896103896104,66.16366726897229,64.65453338623047
2017-05-19,64.41441558441558,66.27338686422813,64.45511627197266
2017-05-20,64.58103896103896,66.48732327560548,64.36634063720703
2017-05-21,64.74766233766233,66.70125951217919,64.3812484741211
2017-05-22,64.91428571428571,66.91519556004364,64.47049713134766
2017-05-23,64.87974025974026,66.87084094774875,64.58973693847656
2017-05-24,64.87168831168832,66.86050265338572,64.6417465209961
2017-05-25,64.9651948051948,66.98056023628112,64.6518783569336
2017-05-26,65.42454545454545,67.57034211562208,64.67720031738281
2017-05-27,65.5000974025974,67.66734663863338,64.84297943115234
2017-05-28,65.57564935064934,67.76435110929873,65.03086853027344
2017-05-29,65.6512012987013,67.86135552570379,65.17436981201172
2017-05-30,65.72675324675325,67.9583598864818,65.26713562011719
2017-05-31,66.23337662337663,68.60883364297689,65.35688781738281
2017-06-01,65.42493506493507,67.57084235374236,65.56327056884766
2017-06-02,61.04103896103896,61.94211583644029,65.52810668945312
2017-06-03,61.44354978354978,62.45892261696796,64.20337677001953
2017-06-04,61.84606060606061,62.97572970830902,62.939056396484375
2017-06-05,62.24857142857143,63.4925369521204,62.020877838134766
2017-06-06,62.3622077922078,63.63844134686702,61.540931701660156
2017-06-07,63.45285714285714,65.03878926612084,61.55713653564453
2017-06-08,64.11987012987014,65.89520426229382,62.212406158447266
2017-06-09,63.94441558441559,65.66992861414295,62.947879791259766
2017-06-10,63.815670995671,65.50462633491225,63.415199279785156
2017-06-11,63.68692640692641,65.3393239870484,63.46620178222656
2017-06-12,63.55818181818182,65.17402157664439,63.37735366821289
2017-06-13,64.08584415584416,65.85151647239746,63.38627624511719
2017-06-14,64.00961038961039,65.7536357930426,63.54344940185547
2017-06-15,64.64142857142858,66.564860591808,63.68719482421875
2017-06-16,64.18558441558442,65.97957837529012,63.95708084106445
2017-06-17,64.17761904761905,65.969351211168,64.0644302368164
2017-06-18,64.16965367965368,65.95912404665808,64.05613708496094
2017-06-19,64.16168831168831,65.94889688234257,64.00178527832031
2017-06-20,63.67818181818182,65.32809632044996,64.00672912597656
2017-06-21,63.3438961038961,64.89888798513722,63.884765625
2017-06-22,63.58493506493507,65.2083715777813,63.66849136352539
2017-06-23,63.52,65.12499778409921,63.515594482421875
2017-06-24,63.38121212121212,64.94680014807695,63.43023681640625
2017-06-25,63.24242424242424,64.76860245566472,63.38960647583008
2017-06-26,63.10363636363637,64.59040471228177,63.309608459472656
2017-06-27,63.07688311688312,64.55605467419697,63.18003845214844
2017-06-28,62.74025974025974,64.12384437097101,63.07401657104492
2017-06-29,63.23922077922078,64.76448934558863,62.91755294799805
2017-06-30,63.05246753246753,64.52470609479835,62.92038345336914
2017-07-01,62.830950577200575,64.24028762217772,62.90995407104492
2017-07-02,62.60943362193362,63.95586907470654,62.882137298583984
2017-07-03,62.38791666666666,63.67145047815401,62.75708770751953
2017-07-04,62.49285443722943,63.80618623375798,62.56260681152344
2017-07-05,62.5977922077922,63.940921981768106,62.44470977783203
2017-07-06,62.27896103896104,63.53155595623296,62.410709381103516
2017-07-07,61.68168831168831,62.76468251741411,62.3473014831543
2017-07-08,61.65034632034632,62.72444070757654,62.13523483276367
2017-07-09,61.619004329004326,62.684198899267535,61.8940315246582
2017-07-10,61.58766233766234,62.64395709199229,61.68149185180664
2017-07-11,61.562987012987016,62.61227500762145,61.534759521484375
2017-07-12,60.75532467532467,61.57527111784154,61.499629974365234
2017-07-13,61.21376623376624,62.16389026161339,61.267337799072266
2017-07-14,61.85558441558442,62.98795788504039,61.15257263183594
2017-07-15,61.911904761904765,63.06027087465049,61.22752380371094
2017-07-16,61.96822510822511,63.13258386647532,61.345516204833984
2017-07-17,62.02454545454546,63.204896860509,61.59908676147461
2017-07-18,62.62155844155844,63.97143683974213,61.76416015625
2017-07-19,62.27012987012987,63.52021709992901,61.9583740234375
2017-07-20,61.66792207792208,62.74700724732345,62.05649185180664
2017-07-21,62.17103896103896,63.39298846728854,61.97657775878906
2017-07-22,62.11705627705628,63.32367693144853,61.918094635009766
2017-07-23,62.06307359307359,63.25436539702012,61.89326095581055
2017-07-24,62.00909090909091,63.185053863499576,61.9101448059082
2017-07-25,61.77441558441559,62.8837404763158,61.947532653808594
2017-07-26,61.54,62.58276064570633,61.8538818359375
2017-07-27,61.35285714285715,62.3424770897952,61.71128463745117
2017-07-28,60.542467532467526,61.30197198807379,61.53648376464844
2017-07-29,60.40142857142857,61.120884317701474,61.183650970458984
2017-07-30,60.2603896103896,60.93979673401444,60.836402893066406
2017-07-31,60.11935064935064,60.75870924231874,60.52574157714844
2017-08-01,59.66662337662338,60.17742977904295,60.24457931518555
2017-08-02,59.65064935064935,60.15691996913611,59.98581314086914
2017-08-03,59.518181818181816,59.986838658630845,59.79680252075195
2017-08-04,59.0061038961039,59.329358324971054,59.61870574951172
2017-08-05,59.19411255411256,59.570751137728045,59.35774612426758
2017-08-06,59.38212121212121,59.81214410056671,59.19255447387695
2017-08-07,59.57012987012987,60.05353720371601,59.152198791503906
2017-08-08,59.34662337662337,59.766566786232346,59.170677185058594
2017-08-09,59.69740259740259,60.21694868275642,59.168601989746094
2017-08-10,60.13727272727272,60.78172035423227,59.31511306762695
2017-08-11,60.45337662337662,61.18758326535661,59.52394485473633
2017-08-12,60.59818181818181,61.37350664222913,59.76939392089844
2017-08-13,60.74298701298701,61.55943010179316,60.02579879760742
2017-08-14,60.8877922077922,61.745353636214375,60.29752731323242
2017-08-15,61.0922077922078,62.0078144176605,60.495758056640625
2017-08-16,61.55558441558441,62.60277038241541,60.66338348388672
2017-08-17,61.72545454545454,62.82087653924944,60.907772064208984
2017-08-18,61.90649350649351,63.05332304664434,61.16089630126953
2017-08-19,62.22069264069265,63.45674173998588,61.41254425048828
2017-08-20,62.534891774891776,63.86016043429735,61.64825439453125
2017-08-21,62.84909090909091,64.26357905054266,61.90032958984375
2017-08-22,62.72181818181818,64.1001661782446,62.18552017211914
2017-08-23,61.93051948051948,63.08417140193325,62.37095260620117
2017-08-24,61.78025974025974,62.89124412942677,62.2604866027832
2017-08-25,61.44974025974026,62.46687092797168,62.04472732543945
2017-08-26,61.67229437229437,62.75262109069496,61.74686050415039
2017-08-27,61.89484848484848,63.03837132155198,61.60231018066406
2017-08-28,62.1174025974026,63.324121592807714,61.5982666015625
2017-08-29,61.32428571428572,62.30579258370344,61.689842224121094
2017-08-30,61.59948051948052,62.65913114395289,61.635887145996094
2017-08-31,62.02415584415584,63.20439661713432,61.5972900390625
2017-09-01,61.59532467532468,62.65379521378031,61.60092544555664
2017-09-02,61.561298701298696,62.61010728646629,61.53504943847656
2017-09-03,61.52727272727272,62.56641936090422,61.57523727416992
2017-09-04,61.49324675324675,62.52273143812435,61.505149841308594
2017-09-05,61.45922077922077,62.47904351607013,61.4251823425293
2017-09-06,61.48285714285715,62.50939161411525,61.389713287353516
2017-09-07,61.36207792207792,62.35431618084191,61.37136459350586
2017-09-08,61.63532467532468,62.7051535423798,61.32844161987305
2017-09-09,61.95532467532468,63.11602024435481,61.362266540527344
2017-09-10,62.27532467532468,63.52688701522664,61.489219665527344
2017-09-11,62.59532467532468,63.937753772572464,61.69391632080078
2017-09-12,62.91376623376623,64.34661945934194,61.99028396606445
2017-09-13,63.62311688311688,65.25739536252352,62.27494430541992
2017-09-14,64.08402597402598,65.84918201074788,62.663631439208984
2017-09-15,63.743506493506494,65.41197031970952,63.094749450683594
2017-09-16,63.76519480519481,65.43981715056324,63.312034606933594
2017-09-17,63.78688311688312,65.46766397983673,63.37734603881836
2017-09-18,63.80857142857143,65.49551080670075,63.438907623291016
2017-09-19,64.06454545454545,65.82416991388497,63.52314376831055
2017-09-20,63.97792207792208,65.71294943784292,63.65642166137695
2017-09-21,63.38311688311688,64.94924578045685,63.75310516357422
2017-09-22,63.30610389610389,64.8503644104084,63.642356872558594
2017-09-23,63.46393939393939,65.05301839721064,63.47435760498047
2017-09-24,63.62177489177488,65.25567230423314,63.34418869018555
2017-09-25,63.77961038961038,65.45832612118072,63.35342788696289
2017-09-26,63.76948051948052,65.44531981798133,63.464534759521484
2017-09-27,63.85987012987013,65.56137604938486,63.556602478027344
2017-09-28,64.03415584415585,65.78515104008528,63.62632751464844
2017-09-29,63.96207792207792,65.69260625835362,63.70781707763672
2017-09-30,63.92255411255411,65.64185947009975,63.758888244628906
2017-10-01,63.8830303030303,65.59111267451793,63.761512756347656
2017-10-02,63.84350649350649,65.54036587233122,63.75090026855469
2017-10-03,63.75090909090909,65.42147492694077,63.740211486816406
2017-10-04,63.87896103896104,65.58588792175145,63.700557708740234
2017-10-05,63.67051948051948,65.31825821594704,63.69867706298828
2017-10-06,63.55116883116882,65.1650172072313,63.651710510253906
2017-10-07,63.42367965367965,65.00132663022967,63.58683776855469
2017-10-08,63.29619047619047,64.83763600361921,63.4710807800293
2017-10-09,63.16870129870129,64.67394533203007,63.34959411621094
2017-10-10,63.0977922077922,64.58290106352806,63.22978210449219
2017-10-11,63.21532467532467,64.73380776602572,63.122650146484375
2017-10-12,63.610779220779214,65.24155434419063,63.07769012451172
2017-10-13,63.83194805194806,65.52552534954589,63.171897888183594
2017-10-14,63.84268398268399,65.53930980493273,63.35512924194336
2017-10-15,63.85341991341992,65.55309426027873,63.52692794799805
2017-10-16,63.864155844155846,65.56687871482963,63.60220718383789
2017-10-17,63.00233766233767,64.4603414541372,63.62812423706055
2017-10-18,63.09506493506493,64.5793993605712,63.42385482788086
2017-10-19,62.789350649350645,64.18687505178909,63.22844314575195
2017-10-20,63.33545454545455,64.88804938639191,62.969139099121094
2017-10-21,63.29839826839827,64.84047071426244,62.97279739379883
2017-10-22,63.26134199134199,64.79289203763193,63.03836441040039
2017-10-23,63.22428571428572,64.74531335833619,63.11221694946289
2017-10-24,63.145584415584416,64.64426423509781,63.13006591796875
2017-10-25,62.99818181818181,64.45500552456873,63.080955505371094
2017-10-26,63.24272727272727,64.7689915333626,63.002925872802734
2017-10-27,63.74064935064935,65.40830187465966,62.99647903442383
2017-10-28,63.82991341991342,65.52291297264242,63.15311050415039
2017-10-29,63.91917748917748,65.6375240374866,63.364723205566406
2017-10-30,64.00844155844155,65.75213506668327,63.554115295410156
2017-10-31,64.01519480519481,65.76080592875363,63.65479278564453
2017-11-01,63.80909090909091,65.49617779677526,63.72093200683594
2017-11-02,63.96064935064936,65.6907720373493,63.71001052856445
2017-11-03,64.13402597402597,65.91337971556527,63.72240447998047
2017-11-04,64.11225108225108,65.88542175530313,63.79697799682617
2017-11-05,64.0904761904762,65.85746379293566,63.88795852661133
2017-11-06,64.0687012987013,65.82950582831285,63.929405212402344
2017-11-07,64.25792207792207,66.07245657171035,63.92875289916992
2017-11-08,65.07155844155844,67.1171256577133,63.97911071777344
2017-11-09,65.27766233766233,67.38175217135667,64.25348663330078
2017-11-10,65.39064935064935,67.52682137621217,64.58012390136719
2017-11-11,65.34900432900433,67.47335143711877,64.82100677490234
2017-11-12,65.3073593073593,67.41988148287561,64.9288558959961
2017-11-13,65.26571428571428,67.36641151349967,64.97746276855469
2017-11-14,65.34740259740259,67.47129490068116,64.99568176269531
2017-11-15,65.51571428571428,67.68739784642493,65.04270935058594
2017-11-16,65.4335064935065,67.58184759688254,65.14350128173828
2017-11-17,65.5861038961039,67.77777415541262,65.21747589111328
2017-11-18,65.56324675324676,67.74842687247653,65.29304504394531
2017-11-19,65.54038961038961,67.7190795832841,65.33247375488281
2017-11-20,65.51753246753248,67.68973229049826,65.3514633178711
2017-11-21,64.86649350649351,66.85383278607085,65.34313201904297
2017-11-22,64.89792207792208,66.89418548167495,65.16063690185547
2017-11-23,64.63374364765669,66.55499352560146,64.97766876220703
2017-11-24,64.3695652173913,66.21580111922833,64.7930908203125
2017-11-25,64.16209109730849,65.94941404007366,64.62677001953125
2017-11-26,63.95461697722567,65.68302674203015,64.40725708007812
2017-11-27,63.747142857142855,65.41663924954648,64.1814193725586
2017-11-28,63.10506493506494,64.59223893820491,63.96312713623047
2017-11-29,62.77246753246753,64.16519783377444,63.635128021240234
2017-11-30,63.07038961038961,64.54771728636447,63.26646041870117
2017-12-01,63.18220779220779,64.69128709626877,63.03691864013672
2017-12-02,63.1104329004329,64.59913117782475,62.96611404418945
2017-12-03,63.03865800865801,64.50697524851883,62.984561920166016
2017-12-04,62.96688311688312,64.41481930839454,63.000186920166016
2017-12-05,62.10220779220779,63.30461209094469,62.94190216064453
2017-12-06,61.49467532467533,62.52456566343712,62.65885543823242
2017-12-07,61.144675324675326,62.075180482001656,62.230003356933594
2017-12-08,61.05324675324676,61.95779011649567,61.739810943603516
2017-12-09,60.97913419913421,61.86263279235296,61.335262298583984
2017-12-10,60.90502164502165,61.76747548434436,61.06645584106445
2017-12-11,60.830909090909095,61.67231819452508,60.90459442138672
2017-12-12,60.309740259740266,61.00316070223616,60.8099365234375
2017-12-13,60.51831168831168,61.27095696715551,60.62459182739258
2017-12-14,60.44545454545455,61.17741167441957,60.508480072021484
2017-12-15,60.17844155844156,60.83457921969693,60.403770446777344
2017-12-16,60.19705627705628,60.85847965609028,60.25817108154297
2017-12-17,60.21567099567099,60.88238009447869,60.19267272949219
2017-12-18,60.23428571428571,60.906280533647646,60.13368606567383
2017-12-19,60.235454545454544,60.90778125849789,60.08740997314453
2017-12-20,60.86597402597403,61.71734004100428,60.0847282409668
2017-12-21,60.01688311688312,60.62714573966485,60.24808120727539
2017-12-22,59.74428571428572,60.27714414966063,60.203582763671875
2017-12-23,59.42467532467533,59.866781302903874,60.07085418701172
2017-12-24,59.10506493506493,59.45641885628609,59.85718536376953
2017-12-25,58.78545454545454,59.0460568526178,59.48770523071289
2017-12-26,58.46584415584415,58.63569532770867,59.17589569091797
2017-12-27,59.34324675324676,59.762231383193054,58.85165786743164
2017-12-28,60.32545454545455,61.02333712725687,58.80451965332031
2017-12-29,60.932857142857145,61.80321505534164,59.06652069091797
2017-12-30,60.88217532467533,61.73814180294106,59.53923034667969
2017-12-31,60.83149350649351,61.67306855912005,60.031280517578125
2018-01-01,60.78081168831169,61.60799532285435,60.47245407104492
2018-01-02,60.73012987012987,61.54292209740712,60.57461166381836
2018-01-03,59.961168831168834,60.55561123468246,60.57990264892578
2018-01-04,59.6125974025974,60.10806327245618,60.40584182739258
2018-01-05,59.50324675324676,59.967662828753085,60.132843017578125
2018-01-06,59.53108225108225,60.00340212966224,59.83911895751953
2018-01-07,59.55891774891775,60.039141433322,59.57840347290039
2018-01-08,59.58675324675325,60.07488074089187,59.432979583740234
2018-01-09,59.83974025974026,60.39970281184711,59.3837776184082
2018-01-10,60.427012987012986,61.15373354768018,59.45539474487305
2018-01-11,60.767272727272726,61.59061189136451,59.682518005371094
2018-01-12,60.79441558441559,61.625462129823006,59.9846076965332
2018-01-13,60.71305194805195,61.52099479782102,60.27448654174805
2018-01-14,60.63168831168831,61.41652748995202,60.48385238647461
2018-01-15,60.550324675324674,61.31206020716734,60.5404167175293
2018-01-16,60.46896103896104,61.20759295239724,60.510257720947266
2018-01-17,60.864155844155846,61.71500557455269,60.447513580322266
2018-01-18,60.95883116883117,61.83656457986336,60.49714279174805
2018-01-19,61.28597402597404,62.25660199924017,60.58598709106445
2018-01-20,61.410779220779226,62.41684659409015,60.76119613647461
2018-01-21,61.53558441558442,62.57709122028084,60.97563552856445
2018-01-22,61.660389610389615,62.737335873234606,61.154258728027344
2018-01-23,61.56649350649351,62.616777199029634,61.309993743896484
2018-01-24,61.5574025974026,62.60510485204279,61.375972747802734
2018-01-25,61.83935064935065,62.96711440276668,61.40927505493164
2018-01-26,62.14948051948052,63.365308319343285,61.485591888427734
2018-01-27,62.1091341991342,63.313505311430056,61.64480209350586
2018-01-28,62.06878787878787,63.26170230339789,61.79366683959961
2018-01-29,62.02844155844155,63.209899296797616,61.8912353515625
2018-01-30,61.628181818181815,62.69598241248188,61.898284912109375
2018-01-31,61.67636363636363,62.75784585644818,61.787986755371094
2018-02-01,62.02337662337663,63.20339612982739,61.691898345947266
2018-02-02,62.842597402597406,64.25524165938032,61.69581604003906
2018-02-03,62.976666666666674,64.42738097515638,61.94484329223633
2018-02-04,63.110735930735935,64.5995202562657,62.29338455200195
2018-02-05,63.2448051948052,64.77165949689153,62.624366760253906
2018-02-06,63.75012987012988,65.42047444197823,62.79644775390625
2018-02-07,63.596233766233766,65.22287861671681,63.026371002197266
2018-02-08,63.703506493506495,65.36061208741414,63.19159698486328
2018-02-09,64.98818181818181,67.01007438283845,63.30803680419922
2018-02-10,64.99757575757576,67.02213571746113,63.725982666015625
2018-02-11,65.00696969696969,67.034197052537,64.14790344238281
2018-02-12,65.01636363636364,67.0462583861845,64.42385864257812
2018-02-13,64.97636363636364,66.99490044326762,64.53640747070312
2018-02-14,65.03428571428572,67.0692694089926,64.60851287841797
2018-02-15,64.99792207792208,67.02258037498486,64.68058776855469
2018-02-16,64.67714285714285,66.61071598302075,64.73955535888672
2018-02-17,64.63136363636363,66.55193770734374,64.68900299072266
2018-02-18,64.5855844155844,66.4931594185177,64.61497497558594
2018-02-19,64.5398051948052,66.43438111631149,64.5651626586914
2018-02-20,64.49402597402597,66.37560280091644,64.51673126220703
2018-02-21,64.77558441558442,66.73711007166956,64.4672622680664
2018-02-22,64.75714285714285,66.71343202819591,64.50562286376953
2018-02-23,64.74610389610389,66.69925855044633,64.55760955810547
2018-02-24,64.43870129870129,66.30456856486828,64.58548736572266
2018-02-25,64.13129870129869,65.90987802293861,64.49203491210938
2018-02-26,63.8238961038961,65.51518700733443,64.31375885009766
2018-02-27,61.91883116883117,63.06916409416208,64.08971405029297
2018-02-28,62.54441558441559,63.87238861050064,63.400054931640625
2018-03-01,62.03506493506493,63.21840343860782,62.9106330871582
2018-03-02,61.76324675324676,62.86940016133038,62.4046745300293
2018-03-03,61.78998701298702,62.90373354317336,61.97977066040039
2018-03-04,61.81672727272728,62.9380669258839,61.878150939941406
2018-03-05,61.843467532467535,62.972400309388085,61.746089935302734
2018-03-06,61.87020779220779,63.006733693919394,61.6965446472168
2018-03-07,61.89694805194806,63.04106707868832,61.71647262573242
2018-03-08,61.92368831168832,63.075400464324375,61.74705505371094
2018-03-09,61.950428571428574,63.1097338502475,61.76422119140625
2018-03-10,61.97716883116883,63.144067236557504,61.78700637817383
2018-03-11,62.00390909090909,63.1784006234062,61.805789947509766
2018-03-12,62.03064935064935,63.21273401124928,61.82945251464844
2018-03-13,62.0574025974026,63.24708407300142,61.85575485229492
2018-03-14,61.86961038961039,63.00596665364788,61.882083892822266
2018-03-15,61.42688311688312,62.43752331852792,61.853694915771484
2018-03-16,61.238831168831176,62.19607257210553,61.703311920166016
2018-03-17,60.91203463203463,61.776479855567885,61.49698257446289
2018-03-18,60.5852380952381,61.35688747968179,61.233924865722656
2018-03-19,60.258441558441554,60.9372955243995,60.927734375
2018-03-20,59.92896103896104,60.51425796162541,60.637413024902344
2018-03-21,59.57805194805195,60.06370873322885,60.31290054321289
2018-03-22,59.67675324675324,60.19043599980934,59.97867965698242
2018-03-23,59.34077922077922,59.75906320410642,59.75084686279297
2018-03-24,59.23926406926407,59.62872323159986,59.52073669433594
2018-03-25,59.13774891774892,59.49838330152707,59.33109664916992
2018-03-26,59.03623376623376,59.368043416722905,59.18335723876953
2018-03-27,58.99675324675325,59.31735260767581,59.0731315612793
2018-03-28,60.32454545454545,61.02216989623178,58.957366943359375
2018-03-29,60.31,61.00349419739937,59.21438980102539
2018-03-30,60.18795454545455,60.84679345485677,59.49730682373047
2018-03-31,60.06590909090909,60.69009278328952,59.74559020996094
2018-04-01,59.94386363636363,60.53339218773773,59.94339370727539
2018-04-02,59.82181818181818,60.37669179527519,59.96171951293945
2018-04-03,59.768701298701295,60.30849248453189,59.86304473876953
2018-04-04,59.47181818181818,59.9273102156445,59.77428436279297
2018-04-05,59.931428571428576,60.51742615607373,59.636322021484375
2018-04-06,59.974545454545456,60.57278618447757,59.629539489746094
2018-04-07,59.79753246753247,60.34551020254728,59.656673431396484
2018-04-08,59.62051948051948,60.11823480283537,59.664703369140625
2018-04-09,59.44350649350649,59.89095951759491,59.64204406738281
2018-04-10,59.35506493506494,59.77740529338112,59.57592010498047
2018-04-11,59.70441558441558,60.22595298994285,59.4390983581543
2018-04-12,59.838961038961045,60.398702332828,59.41765594482422
2018-04-13,58.96428571428572,59.27566609200296,59.46070098876953
2018-04-14,58.79155844155844,59.05389391237553,59.321720123291016
2018-04-15,58.61883116883117,58.83212187129963,59.15177917480469
2018-04-16,58.4461038961039,58.61034997618502,58.946937561035156
2018-04-17,59.46961038961039,59.92447552782872,58.66411209106445
2018-04-18,59.64441558441558,60.14891614157333,58.68579864501953
2018-04-19,59.89077922077922,60.46523433071576,58.878204345703125
2018-04-20,60.14272727272727,60.78872373717719,59.14164733886719
2018-04-21,60.0908658008658,60.72213602858253,59.46847915649414
2018-04-22,60.03900432900433,60.6555483336104,59.75508499145508
2018-04-23,59.98714285714286,60.588960652428845,59.8630485534668
2018-04-24,59.33246753246754,59.74839144352147,59.898216247558594
2018-04-25,59.32974025974026,59.74488977230503,59.72731399536133
2018-04-26,59.52896103896104,60.00067860547337,59.54767608642578
2018-04-27,59.97194805194805,60.56945124218066,59.434120178222656
2018-04-28,59.89718614718615,60.473460517766696,59.45558166503906
2018-04-29,59.82242424242424,60.37746994583042,59.508304595947266
2018-04-30,59.747662337662334,60.28147955755019,59.61360168457031
2018-05-01,59.47857142857144,59.93598102444346,59.67955780029297
2018-05-02,60.278051948051946,60.962474363440165,59.60360336303711
2018-05-03,60.588701298701295,61.36133407834226,59.69722366333008
2018-05-04,60.54857142857143,61.30980911804265,59.892608642578125
2018-05-05,60.51298701298701,61.26412032243984,60.08679962158203
2018-05-06,60.4774025974026,61.21843153342635,60.26333236694336
2018-05-07,60.441818181818185,61.172742748760186,60.365455627441406
2018-05-08,60.95428571428571,61.83072841251883,60.344642639160156
2018-05-09,61.1496103896104,62.08151689487119,60.453529357910156
2018-05-10,61.16181818181818,62.097191178370174,60.62257766723633
2018-05-11,61.01350649350649,61.90676533412515,60.78936767578125
2018-05-12,61.05419913419913,61.959012933304,60.90667724609375
2018-05-13,61.09489177489177,62.01126053581813,60.93708419799805
2018-05-14,61.13558441558441,62.06350814405956,60.93505096435547
2018-05-15,61.40207792207792,62.40567449291481,60.94038772583008
2018-05-16,61.46571428571429,62.487380905766486,61.04008483886719
2018-05-17,61.434675324675325,62.44752818546354,61.145660400390625
2018-05-18,60.9674025974026,61.84756992309927,61.22929763793945
2018-05-19,61.27818181818181,62.2465971348996,61.17430114746094
2018-05-20,61.58896103896104,62.64562457076587,61.13683319091797
2018-05-21,61.899740259740256,63.044652158114914,61.18464660644531
2018-05-22,63.78857142857143,65.46983169701103,61.32290267944336
2018-05-23,64.56935064935065,66.47231605071683,62.01836013793945
2018-05-24,64.56207792207792,66.462978220966,62.84983444213867
2018-05-25,64.5825974025974,66.48932423890264,63.38603591918945
2018-05-26,64.31048701298701,66.13994748817008,63.63623046875
2018-05-27,64.03837662337662,65.79057032860696,63.76689147949219
2018-05-28,63.76626623376624,65.44119281731983,63.79418182373047
2018-05-29,63.49415584415585,65.09181500996927,63.73848342895508
2018-05-30,63.73727272727273,65.40396643986674,63.633174896240234
2018-05-31,63.86038961038961,65.56204303924197,63.600284576416016
2018-06-01,63.48480519480519,65.07980918184552,63.62261199951172
2018-06-02,62.96714285714285,64.41515280409433,63.58171081542969
2018-06-03,62.44948051948052,63.75049591876489,63.38482666015625
2018-06-04,61.93181818181818,63.08583888067314,63.00044631958008
2018-06-05,59.60064935064935,60.09272260425165,62.54291915893555
2018-06-06,60.88857142857143,61.74635412231866,61.592864990234375
2018-06-07,59.545974025974026,60.02252237890883,61.06829071044922
2018-06-08,59.44064935064935,59.887291098775925,60.37770462036133
2018-06-09,59.60220779220779,60.09472356087961,59.80958938598633
2018-06-10,59.76376623376623,60.30215611883059,59.47795104980469
2018-06-11,59.925324675324674,60.50958904375079,59.48481369018555
2018-06-12,59.33779220779221,59.75522803993132,59.44595718383789
2018-06-13,59.19675324675324,59.57414164348614,59.431793212890625
2018-06-14,59.22012987012987,59.604155957501874,59.386924743652344
2018-06-15,59.416753246753245,59.85660977859743,59.293270111083984
2018-06-16,59.50411255411255,59.96877447041763,59.20644760131836
2018-06-17,59.59147186147187,60.08093919243716,59.196041107177734
2018-06-18,59.67883116883117,60.19310394240024,59.26696014404297
2018-06-19,60.77896103896104,61.60561917066055,59.369956970214844
2018-06-20,60.60480519480519,61.38201076368284,59.718292236328125
2018-06-21,60.10844155844156,60.744702478844864,59.99919509887695
2018-06-22,59.39220779220779,59.82509472835129,60.12029266357422
2018-06-23,59.25125541125541,59.64411946494637,59.98448944091797
2018-06-24,59.11030303030303,59.4631442837685,59.69220733642578
2018-06-25,58.96935064935065,59.28216918863912,59.3735237121582
2018-06-26,58.515064935064935,58.69889197043818,59.11851501464844
2018-06-27,57.039220779220784,56.80399868939355,58.833831787109375
2018-06-28,55.897532467532464,55.33814893784282,58.292816162109375
2018-06-29,56.99675324675325,56.74947315976416,57.532405853271484
2018-06-30,57.248744588744586,57.07301368019738,57.116477966308594
2018-07-01,57.50073593073593,57.39655454732859,56.868900299072266
2018-07-02,57.75272727272727,57.72009576057021,56.792823791503906
2018-07-03,57.964666666666666,57.9922130291657,56.85736846923828
2018-07-04,57.588047619047614,57.50865728650473,57.101802825927734
2018-07-05,57.21142857142857,57.025102315306704,57.2945556640625
2018-07-06,56.31688311688311,55.87656574795424,57.405879974365234
2018-07-07,56.421515151515145,56.01090607075878,57.16122055053711
2018-07-08,56.52614718614719,56.14524644897068,56.89064025878906
2018-07-09,56.63077922077922,56.27958688330173,56.630496978759766
2018-07-10,56.60922077922078,56.25190730210265,56.44583511352539
2018-07-11,55.89168831168831,55.33064545709035,56.33567810058594
2018-07-12,54.99077922077922,54.17394380337021,56.13860321044922
2018-07-13,54.74792207792208,53.86213329953714,55.79767608642578
2018-07-14,54.63004329004329,53.71078573273558,55.479000091552734
2018-07-15,54.512164502164495,53.55943817313741,55.14977264404297
2018-07-16,54.39428571428571,53.40809061339404,54.834388732910156
2018-07-17,54.40246753246753,53.418595456960965,54.53234100341797
2018-07-18,55.51272727272727,54.84408674353283,54.305538177490234
2018-07-19,55.92792207792208,55.37716703817352,54.418052673339844
2018-07-20,55.31883116883117,54.59513830129039,54.667476654052734
2018-07-21,54.95502164502165,54.12803373004404,54.82619857788086
2018-07-22,54.59121212121212,53.66092941147036,54.88241958618164
2018-07-23,54.2274025974026,53.19382513590026,54.82658004760742
2018-07-24,54.11753246753247,53.0527600566129,54.681217193603516
2018-07-25,54.435064935064936,53.460448087758905,54.492469787597656
2018-07-26,54.42857142857143,53.45211091044271,54.36546325683594
2018-07-27,54.34090909090909,53.33955901323044,54.21065139770508
2018-07-28,53.9104761904762,52.78691509658698,54.101219177246094
2018-07-29,53.48004329004329,52.23427036296402,53.961177825927734
2018-07-30,53.04961038961039,51.68162389482248,53.788536071777344
2018-07-31,53.44142857142857,52.18469178648208,53.55615234375
2018-08-01,53.59506493506493,52.381949966078,53.43137741088867
2018-08-02,54.47805194805196,53.515640201920135,53.36056900024414
2018-08-03,53.91519480519481,52.79297345096896,53.47643280029297
2018-08-04,53.84727272727273,52.705766486813154,53.48809051513672
2018-08-05,53.77935064935065,52.61855950067328,53.504249572753906
2018-08-06,53.71142857142857,52.531352488248814,53.5187873840332
2018-08-07,53.81584415584416,52.66541449973714,53.530757904052734
2018-08-08,53.33792207792208,52.05179667419746,53.55841827392578
2018-08-09,53.64948051948052,52.4518156668078,53.474918365478516
2018-08-10,53.56051948051948,52.33759607368507,53.43461608886719
2018-08-11,53.77922077922078,52.61839275666982,53.37409210205078
2018-08-12,53.99792207792208,52.89918917247754,53.36041259765625
2018-08-13,54.21662337662338,53.17998541848263,53.43635940551758
2018-08-14,54.26766233766234,53.2455156433754,53.54487228393555
2018-08-15,54.34155844155844,53.34039273037557,53.65713882446289
2018-08-16,54.87376623376623,54.023707821005495,53.77802658081055
2018-08-17,55.26441558441558,54.525272685492965,53.98114776611328
2018-08-18,55.19974025974026,54.44223432735303,54.263587951660156
2018-08-19,55.13506493506493,54.35919598093102,54.47610855102539
2018-08-20,55.07038961038961,54.276157645017285,54.646488189697266
2018-08-21,55.129090909090905,54.35152577297817,54.755733489990234
2018-08-22,55.0722077922078,54.27849205627509,54.839420318603516
2018-08-23,55.32948051948052,54.60881128716544,54.879661560058594
2018-08-24,56.03909090909091,55.51989995281703,54.950775146484375
2018-08-25,56.17233766233766,55.69097943270948,55.13462448120117
2018-08-26,56.30558441558442,55.86205899727066,55.32271957397461
2018-08-27,56.43883116883117,56.03313864914362,55.536556243896484
2018-08-28,55.91519480519481,55.36082612380286,55.76621627807617
2018-08-29,55.26974025974025,54.532109177195615,55.85435485839844
2018-08-30,51.38246753246753,49.54007691880937,55.7563591003418
2018-08-31,52.50376623376624,50.98079246902084,54.804161071777344
2018-09-01,52.56928571428571,51.06491599067639,54.06816864013672
2018-09-02,52.6348051948052,51.14903938307164,53.44392395019531
2018-09-03,52.70032467532468,51.23316265375133,52.949432373046875
2018-09-04,52.76584415584416,51.31728581552901,52.59807586669922
2018-09-05,53.02,51.64360608027693,52.4030876159668
2018-09-06,52.91298701298702,51.50620823248644,52.356468200683594
2018-09-07,52.83883116883117,51.410996728842,52.3745002746582
2018-09-08,52.85064935064936,51.42617054843458,52.438148498535156
2018-09-09,52.862467532467534,51.441344365432464,52.53324508666992
2018-09-10,52.87428571428572,51.45651817975087,52.56140899658203
2018-09-11,52.81246753246753,51.37714742635871,52.57612609863281
2018-09-12,53.09103896103896,51.73481546281442,52.57277297973633
2018-09-13,53.22597402597402,51.908063053108016,52.61835479736328
2018-09-14,54.32909090909091,53.32438534894747,52.6868896484375
2018-09-15,54.55251082251082,53.61123983485577,52.96342468261719
2018-09-16,54.775930735930736,53.89809432814182,53.2719841003418
2018-09-17,54.999350649350646,54.18494888170528,53.5933952331543
2018-09-18,55.3448051948052,54.62848704720049,53.91984176635742
2018-09-19,55.29818181818182,54.56862604982545,54.2695198059082
2018-09-20,54.5290909090909,53.5811704153859,54.55621337890625
2018-09-21,53.64506493506494,52.446146373791656,54.62236785888672
2018-09-22,53.57372294372294,52.35454837654648,54.442848205566406
2018-09-23,53.50238095238095,52.262950339279286,54.21177291870117
2018-09-24,53.43103896103896,52.1713522569496,53.931617736816406
2018-09-25,52.52753246753247,51.01130706270912,53.67466735839844
2018-09-26,52.342597402597406,50.77385965452007,53.27452850341797
2018-09-27,52.87714285714286,51.4601865741668,52.897056579589844
2018-09-28,53.02324675324675,51.64777470115756,52.699337005615234
2018-09-29,53.24281385281385,51.92968424585644,52.64057540893555
2018-09-30,53.46238095238096,52.21159316800457,52.671566009521484
2018-10-01,53.681948051948055,52.49350163510016,52.76974868774414
2018-10-02,53.73038961038961,52.5556970866703,52.89562225341797
2018-10-03,53.84441558441559,52.70209812450448,53.03098678588867
2018-10-04,53.8296103896104,52.683089338302025,53.18031311035156
2018-10-05,54.06649350649351,52.98722981463066,53.31456756591797
2018-10-06,54.361125541125546,53.36551542659119,53.46038055419922
2018-10-07,54.655757575757576,53.74380095565678,53.635921478271484
2018-10-08,54.950389610389614,54.12208654169273,53.83689880371094
2018-10-09,55.13012987012988,54.35285972198274,54.06528854370117
2018-10-10,54.57012987012987,53.63386137573791,54.29515838623047
2018-10-11,54.81051948051948,53.94250369887574,54.372169494628906
2018-10-12,54.97051948051948,54.14793180051806,54.47032928466797
2018-10-13,55.0538961038961,54.25498120410632,54.57011032104492
2018-10-14,55.13727272727272,54.3620306231134,54.66319274902344
2018-10-15,55.22064935064935,54.46908006043628,54.73508834838867
2018-10-16,55.47545454545454,54.79623127307761,54.79377746582031
2018-10-17,55.52285714285715,54.85709276105177,54.89645004272461
2018-10-18,55.06896103896104,54.27432346517454,54.99610900878906
2018-10-19,54.352987012987015,53.35506616355316,55.01651382446289
2018-10-20,54.362857142857145,53.36773867390275,54.862457275390625
2018-10-21,54.37272727272728,53.38041118363232,54.68281555175781
2018-10-22,54.382597402597405,53.39308369349249,54.51894760131836
2018-10-23,53.95506493506493,52.84416376321034,54.37405776977539
2018-10-24,53.66792207792208,52.47549329778907,54.16047286987305
2018-10-25,53.1961038961039,51.869711828651866,53.91978073120117
2018-10-26,53.28558441558441,51.98459872409803,53.632633209228516
2018-10-27,53.3477922077922,52.0644692364575,53.43229675292969
2018-10-28,53.41,52.14433970635129,53.315101623535156
2018-10-29,53.47220779220779,52.22421013716527,53.23369598388672
2018-10-30,53.23792207792207,51.92340353981638,53.17179489135742
2018-10-31,53.83324675324676,52.6877581629937,53.09088134765625
2018-11-01,54.12688311688312,53.06476559607909,53.154396057128906
2018-11-02,54.91597402597402,54.07789948793369,53.303497314453125
2018-11-03,55.10341991341991,54.31856611145202,53.60343551635742
2018-11-04,55.2908658008658,54.55923282088308,53.926692962646484
2018-11-05,55.478311688311685,54.79989963654438,54.241363525390625
2018-11-06,55.06974025974026,54.275323926595775,54.549869537353516
2018-11-07,54.43662337662337,53.46244901051593,54.727291107177734
2018-11-08,54.22402597402598,53.18948980289502,54.71701431274414
2018-11-09,54.34116883116884,53.33989250012994,54.62031555175781
2018-11-10,54.48402597402598,53.5233104051654,54.500858306884766
2018-11-11,54.62688311688312,53.706728305554776,54.384849548339844
2018-11-12,54.76974025974027,53.89014621815584,54.30480194091797
2018-11-13,54.87805194805195,54.02921035956331,54.2891731262207
2018-11-14,54.71974025974026,53.82594994690541,54.322174072265625
2018-11-15,53.75961038961039,52.59321444390812,54.354248046875
2018-11-16,53.300389610389615,52.00360757682793,54.224205017089844
2018-11-17,53.40636363636364,52.13967087082424,53.98990249633789
2018-11-18,53.512337662337664,52.27573404887666,53.77460861206055
2018-11-19,53.618311688311685,52.411797129357474,53.59196090698242
2018-11-20,53.51519480519481,52.27940241730871,53.45752716064453
2018-11-21,53.6312987012987,52.428471520982505,53.33567810058594
2018-11-22,54.00830892511743,52.91252511705474,53.2701416015625
2018-11-23,54.385319148936176,53.39657821257003,53.32504653930664
2018-11-24,54.40990973565442,53.42815069015887,53.49356460571289
2018-11-25,54.43450032237266,53.459723167368665,53.679630279541016
2018-11-26,54.45909090909091,53.49129564416119,53.83795928955078
2018-11-27,54.917142857142856,54.07940018044632,53.96165084838867
2018-11-28,55.17376623376624,54.40888559230204,54.15376663208008
2018-11-29,55.331818181818186,54.61181267402686,54.370792388916016
2018-11-30,55.17999999999999,54.41688928902318,54.58967208862305
2018-12-01,54.631428571428565,53.71256433010567,54.73497009277344
2018-12-02,54.08285714285714,53.00823951159136,54.71525955200195
2018-12-03,53.53428571428572,52.30391378775999,54.55964660644531
2018-12-04,52.975584415584414,51.58657932899261,54.286922454833984
2018-12-05,53.10025974025974,51.74665433461251,53.90845489501953
2018-12-06,53.22493506493506,51.90672909816836,53.569679260253906
2018-12-07,52.62753246753247,51.139701608960685,53.3014030456543
2018-12-08,52.52463203463204,51.00758306033504,52.98694610595703
2018-12-09,52.42173160173161,50.87546417278425,52.72404479980469
2018-12-10,52.31883116883117,50.74334490252694,52.53162384033203
2018-12-11,51.92194805194805,50.23376120912577,52.38280487060547
2018-12-12,52.23987012987013,50.64196238523176,52.19449996948242
2018-12-13,52.22064935064935,50.61728370423292,52.106163024902344
2018-12-14,52.02597402597402,50.36732765791094,52.03850555419922
2018-12-15,52.18199134199134,50.56764837859002,51.94852066040039
2018-12-16,52.338008658008654,50.76796791906333,51.909847259521484
2018-12-17,52.49402597402597,50.96828648331894,51.922996520996094
2018-12-18,52.447792207792205,50.908924691312535,51.973323822021484
2018-12-19,52.85181818181818,51.42767125637992,52.01656723022461
2018-12-20,53.5796103896104,52.36210743597095,52.13561248779297
2018-12-21,53.19688311688312,51.87071229520877,52.38273620605469
2018-12-22,53.11063525621665,51.75997581066533,52.53595733642578
2018-12-23,53.024387395550185,51.64923921129855,52.64411544799805
2018-12-24,52.938139534883724,51.53850248509711,52.70940017700195
2018-12-25,52.84264119601329,51.41588857036147,52.73473358154297
2018-12-26,52.74714285714286,51.29327445756062,52.72209167480469
2018-12-27,53.56272727272727,52.34043072113369,52.68022918701172
2018-12-28,54.378441558441565,53.38774790001818,52.78371810913086
2018-12-29,54.28112554112555,53.262801393248,53.047908782958984
2018-12-30,54.18380952380952,53.13785487266416,53.26499557495117
2018-12-31,54.086493506493504,53.01290833247478,53.458534240722656
