Month,Arbitrage Type,Gain
2016-01,No Arbitrage,0.0
2016-01,No Arbitrage,0.0
2016-01,No Arbitrage,0.0
2016-01,No Arbitrage,0.0
2016-01,No Arbitrage,0.0
2016-01,No Arbitrage,0.0
2016-01,No Arbitrage,0.0
2016-01,No Arbitrage,0.0
2016-01,No Arbitrage,0.0
2016-01,No Arbitrage,0.0
2016-01,Buy Call,26816.995766949956
2016-01,Buy Call,854726.5633313117
2016-01,Buy Call,2444328.6001579026
2016-01,Buy Call,1359365.8162889285
2016-01,Buy Call,1148471.5155583557
2016-01,Buy Call,415696.6885839779
2016-01,Buy Call,59431.587061766324
2016-01,Buy Put,128516.79670913541
2016-01,Buy Put,333890.2973589768
2016-01,Buy Call,842057.5799918737
2016-01,Buy Call,2579641.765376792
2016-01,Buy Call,3239326.356512194
2016-01,Buy Call,2143453.4983933275
2016-01,Buy Call,1234719.9352801254
2016-01,Buy Call,605803.6697830147
2016-01,Buy Put,3707851.9350800933
2016-01,Buy Put,3933997.2754403763
2016-01,Buy Put,2841463.895552721
2016-01,Buy Call,3779461.326780094
2016-01,Buy Call,3901645.360377827
2016-01,Buy Call,3725004.682281792
2016-02,Buy Call,3423583.770926797
2016-02,Buy Call,5241544.748815066
2016-02,Buy Call,6149219.395730011
2016-02,Buy Call,7109760.057436994
2016-02,Buy Call,7040632.935710342
2016-02,Buy Call,6740456.0246453155
2016-02,Buy Call,6261174.702243224
2016-02,Buy Call,5580249.01672357
2016-02,Buy Call,3724656.7712434595
2016-02,Buy Call,1406809.2486946285
2016-02,Buy Call,2116889.2116439934
2016-02,Buy Put,1706192.287480434
2016-02,Buy Put,2015306.875927763
2016-02,Buy Put,2051168.9068544144
2016-02,Buy Put,1871872.0756388337
2016-02,Buy Put,1726040.3818338404
2016-02,Buy Call,2390425.6886107475
2016-02,Buy Call,3882779.6337121185
2016-02,Buy Call,1534242.5663370988
2016-02,Buy Call,514162.8919956531
2016-02,Buy Put,1451.3451286859436
2016-02,Buy Put,356288.8087577676
2016-02,Buy Put,1295061.1222721734
2016-02,Buy Put,480761.300188675
2016-02,Buy Call,3331325.211604593
2016-02,Buy Call,1179731.9941601357
2016-02,Buy Call,1947375.8052130279
2016-02,Buy Call,2716693.80380294
2016-02,Buy Call,3319887.6286159875
2016-03,Buy Put,533515.1485651295
2016-03,Buy Call,2001312.6282095897
2016-03,Buy Call,5393102.720826072
2016-03,Buy Call,3838504.538327612
2016-03,Buy Call,2694356.8242193833
2016-03,Buy Call,1907548.1582726468
2016-03,Buy Call,1413710.7090761275
2016-03,Buy Call,2984199.9270548173
2016-03,Buy Call,1036184.0856919286
2016-03,Buy Put,608668.2923828164
2016-03,Buy Put,266690.6031441272
2016-03,Buy Put,303778.537541433
2016-03,Buy Put,342325.5245989196
2016-03,Buy Put,228913.23836105925
2016-03,Buy Put,1247572.7493577723
2016-03,Buy Put,2546741.412508197
2016-03,Buy Put,2376894.3408192913
2016-03,Buy Put,3001046.632242591
2016-03,Buy Put,1976723.14061046
2016-03,Buy Put,1108487.378298264
2016-03,Buy Put,449518.67990320694
2016-03,Buy Call,1051163.3563446025
2016-03,Buy Call,1475262.5777310869
2016-03,Buy Call,2303609.755938737
2016-03,Buy Call,1822309.765160483
2016-03,Buy Call,1452389.539817574
2016-03,Buy Call,1174984.4763771761
2016-03,Buy Call,929081.3311637578
2016-03,Buy Call,1631904.1144957396
2016-03,Buy Call,1787156.5550932474
2016-03,Buy Call,2071424.9715330624
2016-04,Buy Call,971556.8590893326
2016-04,Buy Call,866666.391803534
2016-04,Buy Call,860389.4650995869
2016-04,Buy Call,862292.5054511939
2016-04,Buy Call,2427950.1972412732
2016-04,Buy Call,2104276.7854091553
2016-04,Buy Put,820280.3909550767
2016-04,Buy Put,1326032.175497346
2016-04,Buy Put,881158.9104750226
2016-04,Buy Put,588787.3239946372
2016-04,Buy Put,439853.16993118316
2016-04,Buy Put,1708527.322491676
2016-04,Buy Put,1594007.000240481
2016-04,Buy Put,2458896.6981484788
2016-04,Buy Put,2065357.1423009255
2016-04,Buy Put,1503355.5833826994
2016-04,Buy Put,1039928.7236843122
2016-04,Buy Put,766011.0843819439
2016-04,Buy Put,2368540.3996817344
2016-04,Buy Call,534430.6540051491
2016-04,Buy Put,313039.52983867587
2016-04,Buy Put,1828535.6599733261
2016-04,Buy Put,832847.7573095938
2016-04,Buy Call,137324.36539663695
2016-04,Buy Call,835525.5561117474
2016-04,Buy Call,3298467.208611072
2016-04,Buy Call,2199367.9328653426
2016-04,Buy Call,1514856.2882390735
2016-04,Buy Call,653371.4829957376
2016-04,Buy Call,193826.14314179137
2016-05,Buy Put,87296.55313823059
2016-05,Buy Put,346653.9367006192
2016-05,Buy Put,3039375.7205877565
2016-05,Buy Put,2773518.207096842
2016-05,Buy Put,1688178.9339206393
2016-05,Buy Put,1183647.8971639934
2016-05,Buy Put,1168646.9938692313
2016-05,Buy Put,1208805.3724014855
2016-05,Buy Put,1167254.2465829423
2016-05,Buy Put,2427814.085267386
2016-05,Buy Put,1021204.8384094316
2016-05,Buy Put,3325801.023243173
2016-05,Buy Put,162664.38122679005
2016-05,Buy Call,1631725.6120450026
2016-05,Buy Call,2735960.7096254732
2016-05,Buy Call,3295470.7489609234
2016-05,Buy Call,831239.2732435114
2016-05,Buy Call,1679026.5480195642
2016-05,Buy Call,4097458.4745435296
2016-05,Buy Call,4081369.8089111624
2016-05,Buy Call,2934502.9702713676
2016-05,Buy Call,1922933.1585857067
2016-05,Buy Call,1025181.0759300212
2016-05,Buy Put,777660.8767372579
2016-05,Buy Call,3114573.311446918
2016-05,Buy Call,3389385.503990852
2016-05,Buy Call,2108819.1665980103
2016-05,Buy Call,2413961.6619549002
2016-05,Buy Call,2777597.6241543107
2016-05,Buy Call,3104677.1691979133
2016-05,Buy Call,3334435.422841423
2016-06,Buy Call,4874350.923492344
2016-06,Buy Call,2837850.190496809
2016-06,Buy Call,1651332.2482440316
2016-06,Buy Call,1478027.4449384762
2016-06,Buy Call,1374622.2134533639
2016-06,Buy Call,1238856.8380271464
2016-06,Buy Put,550103.8260962616
2016-06,Buy Put,1100751.6115749213
2016-06,Buy Put,901981.2844499171
2016-06,Buy Put,321323.15000623633
2016-06,Buy Call,278160.26006956917
2016-06,Buy Call,769658.0251120508
2016-06,Buy Call,1078448.7484631455
2016-06,Buy Call,1834689.116457355
2016-06,Buy Call,3721564.1058009653
2016-06,Buy Call,2766366.0206428915
2016-06,Buy Put,1088421.6409210835
2016-06,Buy Put,1980681.6345163297
2016-06,Buy Put,2486228.0603638566
2016-06,Buy Put,2853921.16642565
2016-06,Buy Put,3199489.3597983634
2016-06,Buy Put,2349663.449836086
2016-06,Buy Put,1540402.2041696664
2016-06,Buy Call,2014847.0296655318
2016-06,Buy Call,2022483.7160033786
2016-06,Buy Call,1928358.3281929994
2016-06,Buy Call,1866178.1102406394
2016-06,Buy Call,2180311.0008668085
2016-06,Buy Call,1091352.8513570442
2016-06,Buy Put,424884.39280484157
2016-07,Buy Call,17952.15758897939
2016-07,Buy Call,257230.23604550122
2016-07,Buy Call,393175.46474063647
2016-07,Buy Call,398438.8643795569
2016-07,Buy Call,469595.1780441021
2016-07,Buy Put,1826837.804972186
2016-07,Buy Call,1135284.377089178
2016-07,Buy Put,5242465.576333636
2016-07,Buy Put,4877851.273988568
2016-07,Buy Put,4336671.036248248
2016-07,Buy Put,3558449.276574791
2016-07,Buy Put,1450872.3170999077
2016-07,Buy Put,2106868.8061579764
2016-07,Buy Put,3459987.553553141
2016-07,Buy Put,4107830.501628044
2016-07,Buy Put,3650301.606374683
2016-07,Buy Put,3121766.736047746
2016-07,Buy Put,2538036.5910842214
2016-07,Buy Put,1944039.8254327108
2016-07,Buy Put,2156814.338079201
2016-07,Buy Put,1314773.878374382
2016-07,Buy Call,1007705.6893126866
2016-07,Buy Call,1660266.7345911327
2016-07,Buy Call,2034685.9269192948
2016-07,Buy Call,2197247.8092179983
2016-07,Buy Call,2529286.6293376475
2016-07,Buy Call,1789711.540897116
2016-07,Buy Call,1085923.871978821
2016-07,Buy Put,1093426.712296278
2016-07,Buy Put,1384195.2030962545
2016-07,Buy Put,1519076.0551870142
2016-08,Buy Put,1518246.3737086493
2016-08,Buy Put,735513.774122012
2016-08,Buy Put,1095874.6507076
2016-08,Buy Put,1194921.6926683874
2016-08,Buy Put,816686.8352627574
2016-08,Buy Put,723695.946821735
2016-08,Buy Put,647580.7295128533
2016-08,Buy Put,613405.750999732
2016-08,Buy Put,1050474.4877565315
2016-08,Buy Put,2672093.186950974
2016-08,Buy Put,2614580.4356218465
2016-08,Buy Call,2957887.6084505767
2016-08,Buy Call,3305994.5957247405
2016-08,Buy Call,3470794.196658275
2016-08,Buy Call,3509123.0644463566
2016-08,Buy Call,2494405.7690894823
2016-08,Buy Put,782674.2682476322
2016-08,Buy Call,1087361.375323738
2016-08,Buy Call,1911704.8266046622
2016-08,Buy Call,1939712.9681725858
2016-08,Buy Call,1952749.1360581308
2016-08,Buy Call,1871420.349203376
2016-08,Buy Call,1894773.063125669
2016-08,Buy Call,752367.6690324094
2016-08,Buy Call,1121938.698861811
2016-08,Buy Put,463124.09826195735
2016-08,Buy Call,206774.13989034222
2016-08,Buy Call,785780.6260749243
2016-08,Buy Call,1238521.651910645
2016-08,Buy Call,733314.4935563211
2016-08,Buy Call,1548283.681494894
2016-09,Buy Call,3204197.2299313457
2016-09,Buy Call,3024494.275159128
2016-09,Buy Call,2830589.169647055
2016-09,Buy Call,2617913.341527384
2016-09,Buy Call,2461928.3457462727
2016-09,Buy Call,2385030.542893304
2016-09,Buy Call,2941848.302756455
2016-09,Buy Call,2890422.3295907057
2016-09,Buy Call,2324518.5641622897
2016-09,Buy Call,2148278.0582363857
2016-09,Buy Call,2050024.6822818012
2016-09,Buy Call,2042473.6659512774
2016-09,Buy Call,1978215.5013719916
2016-09,Buy Call,370855.28086386435
2016-09,Buy Put,1586356.838826177
2016-09,Buy Put,853067.0315367957
2016-09,Buy Put,557031.7339602298
2016-09,Buy Put,295221.5209538878
2016-09,Buy Put,181232.312149902
2016-09,Buy Put,603160.6898529276
2016-09,Buy Put,1931095.3565003928
2016-09,Buy Put,1790501.2360875076
2016-09,Buy Put,811444.8062621164
2016-09,Buy Put,933173.6822839929
2016-09,Buy Put,1065672.0737375736
2016-09,Buy Put,1236954.0724995006
2016-09,Buy Put,1461518.2299281457
2016-09,Buy Put,691838.0042732792
2016-09,Buy Put,1613736.677826779
2016-09,Buy Put,3430837.5621676105
2016-10,Buy Put,2337712.3261878267
2016-10,Buy Put,1051297.7967167387
2016-10,Buy Call,267174.6244592157
2016-10,Buy Call,3313512.194136038
2016-10,Buy Call,2463590.6190364663
2016-10,Buy Call,2953098.40332763
2016-10,Buy Call,2612734.662547439
2016-10,Buy Call,2278709.9662591997
2016-10,Buy Call,2041661.8882204175
2016-10,Buy Call,1915917.027300395
2016-10,Buy Call,1525579.9680611517
2016-10,Buy Call,2252384.6488319635
2016-10,Buy Call,2416294.709943344
2016-10,Buy Call,996238.3536170876
2016-10,Buy Call,1454327.8318768386
2016-10,Buy Call,1820095.4789885771
2016-10,Buy Call,2160497.478088061
2016-10,Buy Call,1575289.4916905689
2016-10,Buy Call,1206023.2819631125
2016-10,Buy Call,1115864.8614464682
2016-10,Buy Call,896517.6842133218
2016-10,Buy Call,1165239.2787336651
2016-10,Buy Call,1368246.3028195002
2016-10,Buy Call,1520833.678631277
2016-10,Buy Call,2190592.5755521595
2016-10,Buy Call,2381067.104995935
2016-10,Buy Call,1644442.0230441352
2016-10,Buy Call,1807424.6138942414
2016-10,Buy Call,1735970.285078153
2016-10,Buy Call,1718523.746346989
2016-10,Buy Call,1700311.6458226799
2016-11,Buy Call,3601605.508389369
2016-11,Buy Call,2362395.9681980293
2016-11,Buy Call,1510713.7804494358
2016-11,Buy Call,1074428.0849011715
2016-11,Buy Call,1036444.9723395524
2016-11,Buy Call,1049480.4345222947
2016-11,Buy Call,1034118.2634511199
2016-11,Buy Call,1081717.734234772
2016-11,Buy Call,831439.1912647068
2016-11,Buy Put,1259672.9305303853
2016-11,Buy Put,913267.3022575659
2016-11,Buy Put,51422.636149624166
2016-11,Buy Call,716870.2578864128
2016-11,Buy Call,1176275.9076957821
2016-11,Buy Call,2040372.198101366
2016-11,Buy Call,1137119.93306363
2016-11,Buy Call,558783.2411126215
2016-11,Buy Call,1745916.151264737
2016-11,Buy Call,1452681.7697435773
2016-11,Buy Call,1197058.4343219742
2016-11,Buy Call,911125.0645427447
2016-11,Buy Call,869793.237017916
2016-11,Buy Call,975203.6730172477
2016-11,Buy Call,795529.0088479643
2016-11,Buy Call,636659.7031211541
2016-11,Buy Call,904389.4314585828
2016-11,Buy Call,1110561.4104773025
2016-11,Buy Call,1249236.4139857842
2016-11,Buy Call,1105698.5679143167
2016-11,Buy Put,472583.1078267362
2016-12,Buy Put,3909880.0491577704
2016-12,Buy Put,3548846.2686969913
2016-12,Buy Put,2674158.3204631354
2016-12,Buy Put,1713414.9300172369
2016-12,Buy Put,892860.6130751149
2016-12,Buy Call,6241.360526757944
2016-12,Buy Put,1259143.889430291
2016-12,Buy Call,173739.1047287389
2016-12,Buy Call,709563.9628932844
2016-12,Buy Call,1133285.4123208022
2016-12,Buy Call,1439976.1127697986
2016-12,Buy Call,1563437.3246379169
2016-12,Buy Call,559156.5584883398
2016-12,Buy Call,1398107.2601899456
2016-12,Buy Call,1430632.2643009536
2016-12,Buy Call,531934.1631785192
2016-12,Buy Call,401801.67853449687
2016-12,Buy Call,288363.9043666477
2016-12,Buy Call,280415.34085423336
2016-12,Buy Call,2898229.938861192
2016-12,Buy Call,2875707.142152862
2016-12,Buy Call,2061168.4512081894
2016-12,Buy Call,1657281.4510963808
2016-12,Buy Call,799346.9441285584
2016-12,Buy Call,217446.67639669045
2016-12,Buy Put,179295.87601905438
2016-12,Buy Put,454868.24111861776
2016-12,Buy Put,1762804.5959586273
2016-12,Buy Call,672059.6547666844
2016-12,Buy Call,2289770.5138117746
2016-12,Buy Call,1630389.8770555349
2017-01,Buy Call,939746.7382498377
2017-01,Buy Call,264851.5782286154
2017-01,Buy Put,143916.7184020249
2017-01,Buy Put,689860.3162843386
2017-01,Buy Put,732978.431361488
2017-01,Buy Put,1917563.1694623262
2017-01,Buy Put,1779907.3645187917
2017-01,Buy Put,1656963.7809492406
2017-01,Buy Put,1523479.8106456394
2017-01,Buy Put,1150976.26512528
2017-01,Buy Call,1157485.440331044
2017-01,Buy Call,1930606.878442802
2017-01,Buy Call,1820707.5080412095
2017-01,Buy Call,1540263.8349759742
2017-01,Buy Call,1235339.9278763249
2017-01,Buy Call,1035525.730668951
2017-01,Buy Call,955180.2955490416
2017-01,Buy Call,2341200.908250798
2017-01,Buy Call,2271144.881836662
2017-01,Buy Put,558361.2442742236
2017-01,Buy Put,1245678.3683341825
2017-01,Buy Put,1604044.041791454
2017-01,Buy Put,1714060.4692889524
2017-01,Buy Put,483689.36619063164
2017-01,Buy Put,2321478.7534795958
2017-01,Buy Put,2181040.8801063374
2017-01,Buy Call,32723.191709905564
2017-01,Buy Call,733931.4466120328
2017-01,Buy Call,1198119.8674913999
2017-01,Buy Call,1451731.6458069587
2017-01,Buy Call,1629728.4731473383
2017-02,Buy Call,79390.98235881659
2017-02,Buy Put,1244726.7486536333
2017-02,Buy Put,1506713.0026367863
2017-02,Buy Put,1391327.2162311757
2017-02,Buy Put,1253953.3866943344
2017-02,Buy Put,1095590.4430654754
2017-02,Buy Put,1785251.0189766234
2017-02,Buy Put,3295106.22527161
2017-02,Buy Put,3220967.5648900103
2017-02,Buy Put,3254179.074864602
2017-02,Buy Put,3214143.3448251886
2017-02,Buy Put,3158223.48113101
2017-02,Buy Put,3102204.6577018686
2017-02,Buy Put,3557585.387431093
2017-02,Buy Put,1863515.4873571906
2017-02,Buy Call,16304.435596268264
2017-02,Buy Call,1820543.2243695015
2017-02,Buy Call,2679269.6117178993
2017-02,Buy Call,3152241.0200147135
2017-02,Buy Call,3395431.079038417
2017-02,Buy Call,3487964.5664864397
2017-02,Buy Call,3474369.7930206847
2017-02,Buy Put,156017.07860183466
2017-02,Buy Put,2738891.296036762
2017-02,Buy Put,2843429.6366575113
2017-02,Buy Put,2791146.359506655
2017-02,Buy Put,2630685.5867509213
2017-02,Buy Put,1719030.2398913247
2017-03,Buy Put,290627.0049951161
2017-03,Buy Put,1592694.1710990975
2017-03,Buy Put,2298634.647962189
2017-03,Buy Put,1945113.9491945
2017-03,Buy Put,1653356.4032033184
2017-03,Buy Put,1396425.008520339
2017-03,Buy Call,36702.85401675244
2017-03,Buy Call,717428.9637996623
2017-03,Buy Call,989361.9822790214
2017-03,Buy Call,1016701.9899080714
2017-03,Buy Call,859151.9596234462
2017-03,Buy Call,647471.1906777486
2017-03,Buy Call,460834.35614205827
2017-03,Buy Put,912511.156838832
2017-03,Buy Put,503692.48628837225
2017-03,Buy Put,343449.01896430715
2017-03,Buy Put,538767.2060750362
2017-03,Buy Put,383288.46830710006
2017-03,Buy Put,244693.1258938747
2017-03,Buy Put,129211.16647881092
2017-03,Buy Call,566711.9140453422
2017-03,Buy Call,1162311.22588907
2017-03,Buy Call,673465.7497342055
2017-03,Buy Call,1317848.4541456043
2017-03,Buy Call,968048.530215313
2017-03,Buy Call,640689.8847695431
2017-03,Buy Call,355043.5414125985
2017-03,Buy Call,315645.5818246826
2017-03,Buy Call,506319.2170773192
2017-03,Buy Call,296024.837884616
2017-03,Buy Call,70585.5289627948
2017-04,Buy Call,449131.55476650957
2017-04,Buy Call,743544.8144567403
2017-04,Buy Call,961467.648513846
2017-04,Buy Call,836984.9822617681
2017-04,Buy Call,2427357.037931408
2017-04,Buy Call,2662199.3045735266
2017-04,Buy Call,2859275.4142416865
2017-04,Buy Call,2701005.4225785965
2017-04,Buy Call,2525307.6365397433
2017-04,Buy Call,2350400.113663213
2017-04,Buy Call,2992676.881589823
2017-04,Buy Call,3590961.229753724
2017-04,Buy Call,3038059.800640589
2017-04,Buy Call,2591446.0850670766
2017-04,Buy Call,2188066.903565371
2017-04,Buy Call,1858038.2601055447
2017-04,Buy Call,1638856.60682989
2017-04,Buy Call,1755861.9970201193
2017-04,Buy Call,1408070.4381634349
2017-04,Buy Call,1213638.2409053964
2017-04,Buy Put,1155627.3607649247
2017-04,Buy Put,1026308.5894441985
2017-04,Buy Put,826026.654510045
2017-04,Buy Put,591823.5630102657
2017-04,Buy Call,226026.811101832
2017-04,Buy Put,1046927.9939573824
2017-04,Buy Call,574468.6085851783
2017-04,Buy Put,110707.99347848492
2017-04,Buy Put,72816.35838535294
2017-04,Buy Put,32134.41838946096
2017-05,Buy Put,36735.205854171225
2017-05,Buy Call,490086.0116526502
2017-05,Buy Put,688673.6231588912
2017-05,Buy Put,312865.31841330143
2017-05,Buy Put,705778.3117652292
2017-05,Buy Put,321440.2705719124
2017-05,Buy Call,39817.69558667736
2017-05,Buy Call,316191.4830421182
2017-05,Buy Put,400225.6990162465
2017-05,Buy Call,1299122.8924143172
2017-05,Buy Call,3643493.5474280366
2017-05,Buy Call,4463203.969688582
2017-05,Buy Call,3972602.7197655896
2017-05,Buy Call,3350745.70614033
2017-05,Buy Call,2668420.477950548
2017-05,Buy Call,2339761.408599159
2017-05,Buy Call,2721174.3949806932
2017-05,Buy Call,3108227.7904651933
2017-05,Buy Call,4605198.219299972
2017-05,Buy Call,3919221.342701107
2017-05,Buy Call,3125729.880572052
2017-05,Buy Call,2405193.3498401325
2017-05,Buy Call,2585110.652929018
2017-05,Buy Call,1837290.2736954445
2017-05,Buy Call,2198995.3343096715
2017-05,Buy Call,1412254.9289576227
2017-05,Buy Call,1066606.8813828246
2017-05,Buy Call,817630.8132253638
2017-05,Buy Call,661840.8968732154
2017-05,Buy Call,612241.70924487
2017-05,Buy Call,776897.5978542301
2017-06,Buy Call,1018952.047101493
2017-06,Buy Call,715104.7688001171
2017-06,Buy Call,457484.14253853296
2017-06,Buy Call,252613.43565605898
2017-06,Buy Call,136887.101026133
2017-06,Buy Put,35781.41150777014
2017-06,Buy Call,496356.8305130224
2017-06,Buy Call,168775.20089326482
2017-06,Buy Call,1155883.6513603267
2017-06,Buy Call,853405.254278826
2017-06,Buy Call,586697.1951240032
2017-06,Buy Call,366657.41916982597
2017-06,Buy Put,229186.2674732812
2017-06,Buy Put,1345519.4613154049
2017-06,Buy Put,1037625.9183925071
2017-06,Buy Put,594106.9881108376
2017-06,Buy Put,112199.10216681228
2017-06,Buy Call,238205.6037297815
2017-06,Buy Call,425368.65581732284
2017-06,Buy Call,797509.6844842398
2017-06,Buy Call,435562.5876370652
2017-06,Buy Call,10216.731179014005
2017-06,Buy Call,432954.9733756579
2017-06,Buy Call,452835.0924402673
2017-06,Buy Call,454936.9017403251
2017-06,Buy Call,427778.82590901584
2017-06,Buy Put,202547.50644333797
2017-06,Buy Put,443479.65695824596
2017-06,Buy Put,922479.6999635601
2017-06,Buy Put,720930.5555670938
2017-07,Buy Put,187556.66683341586
2017-07,Buy Call,247412.3442274845
2017-07,Buy Call,553542.6607806358
2017-07,Buy Call,697883.9765969411
2017-07,Buy Call,756714.6356041406
2017-07,Buy Call,1802258.4211402943
2017-07,Buy Call,2083699.293460768
2017-07,Buy Call,1877342.1615347418
2017-07,Buy Call,1668054.004159984
2017-07,Buy Call,1497054.685647143
2017-07,Buy Call,301013.5362516735
2017-07,Buy Call,224443.5253548005
2017-07,Buy Put,256534.27002589524
2017-07,Buy Put,142830.88826846326
2017-07,Buy Call,374122.0498596647
2017-07,Buy Call,740851.0427374182
2017-07,Buy Call,993895.9340621097
2017-07,Buy Call,244238.6640862395
2017-07,Buy Call,117568.88700128342
2017-07,Buy Call,1093695.293586137
2017-07,Buy Call,617291.4593761902
2017-07,Buy Call,406021.7666457362
2017-07,Buy Call,202017.72921124927
2017-07,Buy Call,61745.30484716456
2017-07,Buy Call,402416.45852023567
2017-07,Buy Put,97345.02058628891
2017-07,Buy Put,1072474.5280052873
2017-07,Buy Put,175026.18876514476
2017-07,Buy Call,356567.1846447458
2017-07,Buy Call,755429.2020093527
2017-07,Buy Call,1017383.0302790918
2017-08,Buy Call,604522.1374523777
2017-08,Buy Call,936477.3458278961
2017-08,Buy Call,1030584.8260511396
2017-08,Buy Call,1446075.2925543971
2017-08,Buy Call,1410740.2456770898
2017-08,Buy Call,1350417.2924200334
2017-08,Buy Call,1285279.924046236
2017-08,Buy Call,2097515.387950011
2017-08,Buy Call,2505871.7584725516
2017-08,Buy Call,2031713.6264826274
2017-08,Buy Call,1481863.2021646749
2017-08,Buy Call,1254529.6120051006
2017-08,Buy Call,1150673.871891584
2017-08,Buy Call,1105444.1562938706
2017-08,Buy Call,739728.9154957179
2017-08,Buy Put,143647.39440880215
2017-08,Buy Put,687879.8575847469
2017-08,Buy Put,3072416.9292891403
2017-08,Buy Put,2569234.6345145437
2017-08,Buy Put,2026197.7806242157
2017-08,Buy Put,1512708.9681197533
2017-08,Buy Put,1167133.9373953487
2017-08,Buy Put,1073001.0587730873
2017-08,Buy Put,1933338.012492797
2017-08,Buy Put,2479988.0930944057
2017-08,Buy Put,2079724.2904677943
2017-08,Buy Put,1699879.9877644898
2017-08,Buy Put,1355478.7481887303
2017-08,Buy Put,1061653.6022018578
2017-08,Buy Put,476735.3785612869
2017-08,Buy Put,54087.96422473472
2017-09,Buy Call,1175389.042563893
2017-09,Buy Call,1318193.1962823228
2017-09,Buy Call,1359590.6584421159
2017-09,Buy Call,1338875.2718034454
2017-09,Buy Call,1287788.4243407038
2017-09,Buy Call,735474.2958174683
2017-09,Buy Call,188027.61849170225
2017-09,Buy Put,198579.92636367783
2017-09,Buy Call,119027.15455833856
2017-09,Buy Call,420506.16478283587
2017-09,Buy Call,663282.792601791
2017-09,Buy Call,2027586.6498758432
2017-09,Buy Call,1973358.337646431
2017-09,Buy Call,1585880.4280586583
2017-09,Buy Call,1239944.3381137303
2017-09,Buy Call,909927.0146904957
2017-09,Buy Call,682202.2292316916
2017-09,Buy Call,561691.9530968545
2017-09,Buy Call,1101326.6551589426
2017-09,Buy Call,1835195.24925687
2017-09,Buy Call,751710.4672912324
2017-09,Buy Call,1164561.3574022774
2017-09,Buy Call,1188998.6168183668
2017-09,Buy Call,1228244.0490025692
2017-09,Buy Call,1259619.6449923837
2017-09,Buy Call,1782774.061953873
2017-09,Buy Call,1857190.3953712052
2017-09,Buy Call,2689394.238639082
2017-09,Buy Call,2314655.590779125
2017-09,Buy Call,2392497.844269485
2017-10,Buy Call,2451873.0180050456
2017-10,Buy Call,2516534.6659725285
2017-10,Buy Call,3285708.9260800476
2017-10,Buy Call,2311937.8329208475
2017-10,Buy Call,2556505.0378311016
2017-10,Buy Call,1808244.3354973067
2017-10,Buy Call,1292130.5203768583
2017-10,Buy Call,893341.248564198
2017-10,Buy Call,632103.2785093194
2017-10,Buy Put,737624.3882307279
2017-10,Buy Put,628437.7519496189
2017-10,Buy Call,169313.80153241093
2017-10,Buy Call,158106.00979978062
2017-10,Buy Put,88318.9359535521
2017-10,Buy Put,330668.8276906016
2017-10,Buy Put,480459.8314691617
2017-10,Buy Put,357200.8220646268
2017-10,Buy Call,337764.46699967264
2017-10,Buy Call,1408322.8773926066
2017-10,Buy Call,1897204.6058890584
2017-10,Buy Call,1503221.3405949194
2017-10,Buy Call,1127936.9244881964
2017-10,Buy Call,865099.2527971226
2017-10,Buy Call,1951569.9737683435
2017-10,Buy Call,1754043.860600092
2017-10,Buy Call,906274.4907880216
2017-10,Buy Call,1365015.1978771987
2017-10,Buy Call,1571578.0536555287
2017-10,Buy Call,1752739.519296256
2017-10,Buy Call,1864185.2421105937
2017-10,Buy Call,1944526.2762168625
2017-11,Buy Call,2823300.6861815257
2017-11,Buy Call,2608905.5913306256
2017-11,Buy Call,2372364.555835148
2017-11,Buy Call,1696551.6246461761
2017-11,Buy Call,1183005.6926742145
2017-11,Buy Call,801603.1885479293
2017-11,Buy Call,838779.394796461
2017-11,Buy Call,533794.7626835699
2017-11,Buy Call,200418.76549832695
2017-11,Buy Put,296107.7471763929
2017-11,Buy Put,217466.77574896012
2017-11,Buy Put,108751.7402695255
2017-11,Buy Put,16492.68468587195
2017-11,Buy Put,2457605.4654921647
2017-11,Buy Put,2037940.1278028127
2017-11,Buy Put,1316414.5336312884
2017-11,Buy Put,1905729.987279031
2017-11,Buy Put,1781478.628145365
2017-11,Buy Put,1746315.1048115436
2017-11,Buy Put,1706327.9358900872
2017-11,Buy Put,1415534.8607020956
2017-11,Buy Put,869066.7204943594
2017-11,Buy Put,685965.984754887
2017-11,Buy Put,562561.8816899874
2017-11,Buy Put,608418.8938942958
2017-11,Buy Put,673970.191317423
2017-11,Buy Put,720176.5464663339
2017-11,Buy Put,1477131.4552958757
2017-11,Buy Put,1797633.8938556183
2017-11,Buy Put,1538002.4171554681
2017-12,Buy Put,1101199.8046634232
2017-12,Buy Put,692562.7286674114
2017-12,Buy Put,381437.96419143426
2017-12,Buy Put,196767.700118059
2017-12,Buy Call,414676.63908211706
2017-12,Buy Call,412381.54828683095
2017-12,Buy Put,44060.083104398014
2017-12,Buy Call,236165.20041868227
2017-12,Buy Call,249771.82698211208
2017-12,Buy Call,264816.2545103077
2017-12,Buy Call,290145.41514672484
2017-12,Buy Call,2083832.2989662855
2017-12,Buy Call,2348592.301924569
2017-12,Buy Call,843663.8023609646
2017-12,Buy Put,637268.4474881396
2017-12,Buy Put,371760.91711448575
2017-12,Buy Put,38923.59436954962
2017-12,Buy Call,341917.7931932751
2017-12,Buy Call,1917886.3694905175
2017-12,Buy Call,3314328.575809469
2017-12,Buy Call,2345824.8018940254
2017-12,Buy Call,1154240.3709016896
2017-12,Buy Call,243322.62645839364
2017-12,Buy Put,350678.47415056976
2017-12,Buy Put,655433.6936821983
2017-12,Buy Put,839652.7696091454
2017-12,Buy Put,1771181.4013341041
2017-12,Buy Put,1224606.2095071296
2017-12,Buy Put,1760218.772739151
2017-12,Buy Put,1820442.4635765406
2017-12,Buy Put,1840613.3614107745
2018-01,Buy Put,1862277.682688685
2018-01,Buy Put,1878012.8595960264
2018-01,Buy Put,3104546.214007833
2018-01,Buy Put,3289990.1206903337
2018-01,Buy Put,1577363.8976222912
2018-01,Buy Put,420844.36058249255
2018-01,Buy Call,615774.7447654316
2018-01,Buy Call,1289483.5803728313
2018-01,Buy Call,492013.7838763878
2018-01,Buy Put,252016.89333748334
2018-01,Buy Put,1541611.8436633183
2018-01,Buy Put,822090.2838822752
2018-01,Buy Put,10928.17400345325
2018-01,Buy Call,726504.7225841954
2018-01,Buy Call,1262858.3598754092
2018-01,Buy Call,1603109.8826697702
2018-01,Buy Call,974142.3782829059
2018-01,Buy Call,181780.26474880936
2018-01,Buy Call,472702.132442123
2018-01,Buy Put,227991.78083751316
2018-01,Buy Put,697039.0162333758
2018-01,Buy Put,994667.6736232974
2018-01,Buy Put,1617201.6488761897
2018-01,Buy Put,334463.91178416944
2018-01,Buy Call,437041.06295665214
2018-01,Buy Put,612893.6701450129
2018-01,Buy Put,130979.8833496103
2018-01,Buy Call,262588.1260116643
2018-01,Buy Call,525847.8172042373
2018-01,Buy Put,2021774.451509856
2018-01,Buy Put,1963908.036543785
2018-02,Buy Put,3755962.616972603
2018-02,Buy Put,3116492.8585464936
2018-02,Buy Put,2472645.7097605136
2018-02,Buy Put,1726164.7266013115
2018-02,Buy Put,1022530.6947502304
2018-02,Buy Put,794821.6861089321
2018-02,Buy Put,1858322.2223865122
2018-02,Buy Put,2547752.736752955
2018-02,Buy Put,2828626.2565869438
2018-02,Buy Put,2256762.87783849
2018-02,Buy Put,1636511.7299312502
2018-02,Buy Put,967585.7736759497
2018-02,Buy Call,519286.71727684163
2018-02,Buy Put,533542.6038112132
2018-02,Buy Call,2125972.4081666605
2018-02,Buy Put,783181.8722997496
2018-02,Buy Put,822378.7377238807
2018-02,Buy Put,851691.9091136259
2018-02,Buy Put,848599.577911287
2018-02,Buy Put,811409.7446342612
2018-02,Buy Call,54424.72405663068
2018-02,Buy Put,803273.6637895255
2018-02,Buy Put,105796.3525984178
2018-02,Buy Put,34358.769835563406
2018-02,Buy Call,53080.43366913751
2018-02,Buy Call,46013.63638903422
2018-02,Buy Put,676384.5646732278
2018-02,Buy Call,95741.42593336887
2018-03,Buy Put,305961.17940521595
2018-03,Buy Call,42238.84909958997
2018-03,Buy Call,213468.4838239309
2018-03,Buy Call,336122.4608668607
2018-03,Buy Call,427521.5631761853
2018-03,Buy Call,491660.76162802597
2018-03,Buy Call,530052.1448157553
2018-03,Buy Call,547904.9886803579
2018-03,Buy Call,557068.6758796341
2018-03,Buy Call,557057.7827903378
2018-03,Buy Call,557198.2328079059
2018-03,Buy Call,555031.4668486607
2018-03,Buy Call,1012979.4472573792
2018-03,Buy Put,727423.6983415392
2018-03,Buy Put,853021.4307092336
2018-03,Buy Call,790658.0534141483
2018-03,Buy Call,714103.8939442552
2018-03,Buy Call,637347.2607675836
2018-03,Buy Call,562125.4439459591
2018-03,Buy Put,487587.8831197724
2018-03,Buy Call,427081.72210737417
2018-03,Buy Call,1905694.9752035877
2018-03,Buy Call,236548.62142966237
2018-03,Buy Put,80514.25443214555
2018-03,Buy Put,297532.4753006703
2018-03,Buy Put,443441.87076779915
2018-03,Buy Put,1968265.1549677032
2018-03,Buy Put,2581095.841046569
2018-03,Buy Put,1289743.3390519666
2018-03,Buy Put,1004237.759383102
2018-03,Buy Put,748818.5821258782
2018-04,Buy Put,537116.835305568
2018-04,Buy Put,400376.9621067761
2018-04,Buy Call,993079.4256261493
2018-04,Buy Call,2691549.0444836365
2018-04,Buy Call,2491593.5759154735
2018-04,Buy Call,1067417.7513890583
2018-04,Buy Call,1121207.2276818645
2018-04,Buy Call,1173597.2584497745
2018-04,Buy Call,1226969.5017466517
2018-04,Buy Call,931965.5285202373
2018-04,Buy Call,1012912.7698825329
2018-04,Buy Put,39356.81417334535
2018-04,Buy Put,1212054.3391036235
2018-04,Buy Put,1028462.103509213
2018-04,Buy Put,837984.0998872509
2018-04,Buy Put,651099.0623307577
2018-04,Buy Put,1216099.9570936467
2018-04,Buy Put,930109.1665416976
2018-04,Buy Put,114719.82600363618
2018-04,Buy Put,751173.2298060139
2018-04,Buy Put,406932.5748977946
2018-04,Buy Put,125486.38439132276
2018-04,Buy Call,103142.79837398033
2018-04,Buy Call,1666106.892166944
2018-04,Buy Call,2421667.932502139
2018-04,Buy Call,1911334.298247155
2018-04,Buy Call,2178717.001368689
2018-04,Buy Call,1587213.039321675
2018-04,Buy Call,1009213.4775397028
2018-04,Buy Call,483719.8495166604
2018-05,Buy Call,1978816.4672371948
2018-05,Buy Call,1386564.3820514607
2018-05,Buy Call,1828130.8881360516
2018-05,Buy Call,2353378.272779111
2018-05,Buy Call,1974001.0518591902
2018-05,Buy Call,1611486.7266929806
2018-05,Buy Call,1274600.493585865
2018-05,Buy Call,1076415.1717440314
2018-05,Buy Call,425714.8103338295
2018-05,Buy Call,1354914.370753704
2018-05,Buy Call,2752015.5921049467
2018-05,Buy Call,2630683.3510191864
2018-05,Buy Call,2494913.512405262
2018-05,Buy Call,2354744.2282579425
2018-05,Buy Call,1854952.1162863555
2018-05,Buy Call,660055.0687971918
2018-05,Buy Call,304317.4605406591
2018-05,Buy Call,802974.5004181166
2018-05,Buy Call,332801.9229382164
2018-05,Buy Put,8230.249246906851
2018-05,Buy Put,207107.0208551049
2018-05,Buy Put,1355567.8612419371
2018-05,Buy Put,2001203.0156533385
2018-05,Buy Put,2642570.8518939926
2018-05,Buy Put,3139656.7927636276
2018-05,Buy Put,2884026.697560028
2018-05,Buy Put,2591420.309239645
2018-05,Buy Put,2286172.9325769315
2018-05,Buy Put,2006065.6857638292
2018-05,Buy Put,931235.3558108697
2018-05,Buy Call,849633.7285252906
2018-06,Buy Put,1534734.684362988
2018-06,Buy Put,1440046.9010459674
2018-06,Buy Put,1382155.3232168143
2018-06,Buy Put,1330198.4865346982
2018-06,Buy Put,989615.7356551285
2018-06,Buy Put,863603.3080150867
2018-06,Buy Call,1620019.7254329468
2018-06,Buy Call,858296.8811246871
2018-06,Buy Call,604954.9263209144
2018-06,Buy Call,352359.9368177202
2018-06,Buy Call,110760.01759651888
2018-06,Buy Put,750717.9768718544
2018-06,Buy Put,584060.1191427055
2018-06,Buy Put,348065.6670841427
2018-06,Buy Call,615051.2436549036
2018-06,Buy Call,925857.732573121
2018-06,Buy Call,1157972.9192410894
2018-06,Buy Call,1313302.446508608
2018-06,Buy Put,656613.7206764467
2018-06,Buy Put,2513828.0697600166
2018-06,Buy Put,3034113.0162373967
2018-06,Buy Put,2943655.0622398485
2018-06,Buy Put,2399599.896993152
2018-06,Buy Put,1491290.8167195127
2018-06,Buy Put,348607.1470309895
2018-06,Buy Call,653798.9216837729
2018-06,Buy Call,1341638.9290201352
2018-06,Buy Call,1966995.9323486595
2018-06,Buy Call,2671685.684656847
2018-06,Buy Call,2551091.4199233097
2018-07,Buy Call,2396958.730617527
2018-07,Buy Call,2229323.8497480913
2018-07,Buy Call,2703644.9200908877
2018-07,Buy Call,2617400.00406963
2018-07,Buy Call,2538441.615214019
2018-07,Buy Call,2415223.356108086
2018-07,Buy Call,2168995.9448893247
2018-07,Buy Call,1954410.5253778738
2018-07,Buy Call,1780534.4290842272
2018-07,Buy Call,580735.7314530179
2018-07,Buy Put,633272.7275968182
2018-07,Buy Put,575792.5378611048
2018-07,Buy Put,853628.9505901067
2018-07,Buy Put,584952.6181778657
2018-07,Buy Put,320768.17176655936
2018-07,Buy Put,79597.48579693837
2018-07,Buy Put,1947659.8903109378
2018-07,Buy Put,293683.6465444088
2018-07,Buy Call,1126831.1390456064
2018-07,Buy Call,2178339.835955619
2018-07,Buy Call,1712923.1154486816
2018-07,Buy Call,1228680.0381049758
2018-07,Buy Call,759719.7872222381
2018-07,Buy Put,1081121.2815898373
2018-07,Buy Call,117649.91330629471
2018-07,Buy Call,1043279.036418511
2018-07,Buy Put,185134.1598101186
2018-07,Buy Put,267819.97550349956
2018-07,Buy Put,295086.9336947335
2018-07,Buy Put,293493.92725440284
2018-07,Buy Call,390215.5297434575
2018-08,Buy Call,1265554.822922752
2018-08,Buy Call,1412064.0820933802
2018-08,Buy Call,1144017.0988626478
2018-08,Buy Call,895773.3410147028
2018-08,Buy Call,682356.7363216369
2018-08,Buy Call,495441.6423528443
2018-08,Buy Call,1181389.7222436792
2018-08,Buy Call,920713.3054767951
2018-08,Buy Put,1305796.7745328157
2018-08,Buy Put,2060398.4388224178
2018-08,Buy Put,1602713.2527821523
2018-08,Buy Put,1111973.0992282443
2018-08,Buy Put,631261.169075529
2018-08,Buy Put,139785.97787223634
2018-08,Buy Put,1314277.6340861318
2018-08,Buy Put,233361.66513701074
2018-08,Buy Call,1325604.2584046668
2018-08,Buy Call,1125702.040357119
2018-08,Buy Call,896996.454367553
2018-08,Buy Call,663453.5695038011
2018-08,Buy Put,1814144.9968099934
2018-08,Buy Put,1887865.854803536
2018-08,Buy Put,2110806.02238745
2018-08,Buy Put,2426340.6420124946
2018-08,Buy Put,1857397.3320843321
2018-08,Buy Put,1192471.1238908188
2018-08,Buy Put,501516.0745719811
2018-08,Buy Put,732361.971072848
2018-08,Buy Put,1533355.5719184205
2018-08,Buy Call,67345.86991898084
2018-08,Buy Call,2043603.1615370994
2018-09,Buy Call,1891297.6321557623
2018-09,Buy Call,1711005.4443214864
2018-09,Buy Call,1515896.1815111453
2018-09,Buy Call,1323910.1500864835
2018-09,Buy Call,1494128.7976773977
2018-09,Buy Call,924445.085810575
2018-09,Buy Call,1565983.0899265686
2018-09,Buy Call,1647222.010154117
2018-09,Buy Call,1709301.865096876
2018-09,Buy Call,1765118.6930454585
2018-09,Buy Call,1498534.5277231303
2018-09,Buy Put,233088.68089226563
2018-09,Buy Put,323186.1062903647
2018-09,Buy Call,111924.75497351495
2018-09,Buy Put,84202.0866831632
2018-09,Buy Put,211026.7432364452
2018-09,Buy Put,294894.19075422065
2018-09,Buy Put,688537.1063389414
2018-09,Buy Put,1534551.4463527864
2018-09,Buy Put,819123.9690145764
2018-09,Buy Put,737296.678759705
2018-09,Buy Put,145765.51263577642
2018-09,Buy Call,377546.4127860033
2018-09,Buy Call,760004.4623349191
2018-09,Buy Put,627178.1126913894
2018-09,Buy Call,827230.7593283373
2018-09,Buy Call,1769571.2999911634
2018-09,Buy Call,3320118.2018460855
2018-09,Buy Call,3305974.542371331
2018-09,Buy Call,3264929.253137318
2018-10,Buy Call,3205191.604868613
2018-10,Buy Call,3379503.647581306
2018-10,Buy Call,2706623.3442090633
2018-10,Buy Call,2352036.4169469443
2018-10,Buy Call,2437114.3410564642
2018-10,Buy Call,1863899.0347825058
2018-10,Buy Call,1349631.5607408178
2018-10,Buy Call,936669.0218156179
2018-10,Buy Put,114223.23410930346
2018-10,Buy Call,190103.16633512048
2018-10,Buy Call,1534727.1734621017
2018-10,Buy Call,528489.3996852844
2018-10,Buy Call,429883.8402758065
2018-10,Buy Call,358092.88063653355
2018-10,Buy Call,307222.94426384167
2018-10,Buy Put,531858.509024957
2018-10,Buy Put,1030386.642918927
2018-10,Buy Put,1207387.7853973017
2018-10,Buy Put,1571846.8133702998
2018-10,Buy Put,994604.0666439302
2018-10,Buy Put,429067.86908039864
2018-10,Buy Call,79809.19007516718
2018-10,Buy Put,709435.0467815645
2018-10,Buy Call,1100417.2696293467
2018-10,Buy Call,1976437.7014890541
2018-10,Buy Call,2696838.784284502
2018-10,Buy Call,2490432.9407970137
2018-10,Buy Call,2261372.2331131496
2018-10,Buy Call,2026085.9031195224
2018-10,Buy Call,1243434.4557757128
2018-10,Buy Call,212579.10604390418
2018-11,Buy Call,973472.2560601056
2018-11,Buy Call,1121017.0035205777
2018-11,Buy Call,648686.7538556282
2018-11,Buy Call,268283.4624737325
2018-11,Buy Put,25587.022961019557
2018-11,Buy Put,77578.24238562705
2018-11,Buy Put,291212.3425388842
2018-11,Buy Put,854523.1572168461
2018-11,Buy Put,1039181.6483464567
2018-11,Buy Put,538340.8255322024
2018-11,Buy Put,63270.38729367018
2018-11,Buy Call,355796.599893921
2018-11,Buy Call,1053359.47760463
2018-11,Buy Call,1480895.3817859134
2018-11,Buy Call,1579902.2491878034
2018-11,Buy Call,1887869.7125693904
2018-11,Buy Call,2067702.8404883514
2018-11,Buy Call,2178414.0692968494
2018-11,Buy Call,2245232.2939566327
2018-11,Buy Call,2328880.5247415565
2018-11,Buy Call,2195374.202214232
2018-11,Buy Call,1568513.7572752126
2018-11,Buy Call,987987.8274263376
2018-11,Buy Call,861682.5797838174
2018-11,Buy Call,791129.2599857091
2018-11,Buy Call,767288.768414474
2018-11,Buy Call,522006.1509617295
2018-11,Buy Call,577797.9750844509
2018-11,Buy Call,420903.14357393765
2018-11,Buy Put,221880.13412677776
2018-12,Buy Put,244729.07955318136
2018-12,Buy Put,250310.2441942531
2018-12,Buy Put,235355.41851825314
2018-12,Buy Put,136179.11792482572
2018-12,Buy Call,321037.1356364021
2018-12,Buy Call,673626.3292554838
2018-12,Buy Call,335456.6864222477
2018-12,Buy Call,189710.05691648202
2018-12,Buy Call,56484.86984887313
2018-12,Buy Put,52366.549491623
2018-12,Buy Call,222279.62440572924
2018-12,Buy Call,1701184.5608126777
2018-12,Buy Call,2401459.5193356173
2018-12,Buy Call,2038431.4191946445
2018-12,Buy Call,1334574.4844123572
2018-12,Buy Call,649353.9969923034
2018-12,Buy Call,31041.433675937922
2018-12,Buy Put,858589.4413824207
2018-12,Buy Put,623098.1532455644
2018-12,Buy Put,227350.12793069132
2018-12,Buy Call,300367.4793973232
2018-12,Buy Call,701091.2496112525
2018-12,Buy Call,981152.6276501894
2018-12,Buy Call,1152648.0442064581
2018-12,Buy Call,1093293.8483334312
2018-12,Buy Call,1013556.1375528113
2018-12,Buy Call,964093.7535471608
2018-12,Buy Call,685685.8572663213
2018-12,Buy Call,434160.8237592851
2018-12,Buy Call,243861.17826716712
2018-12,Buy Call,111231.22335209246
